<?xml version="1.0" encoding="utf-8"?><soapenv:Envelope xmlns:soapenv="http://schemas.xmlsoap.org/soap/envelope/" xmlns:xsd="http://www.w3.org/2001/XMLSchema" xmlns:xsi="http://www.w3.org/2001/XMLSchema-instance">
 <soapenv:Body>
  <getMemberResponse xmlns="urn:bean.initiate.com">
   <getMemberReturn xmlns="">
    <item xsi:type="ns1:Member" xmlns:ns1="urn:bean.initiate.com">
     <memDrug xsi:nil="true"/>
     <entLink xsi:nil="true"/>
     <memIds xsi:nil="true"/>
     <entIque xsi:nil="true"/>
     <memAppt xsi:nil="true"/>
     <memRule xsi:nil="true"/>
     <memExtc xsi:nil="true"/>
     <memCmpd xsi:nil="true"/>
     <memAddr>
      <item>
       <caudRecno>106</caudRecno>
       <recStat>A</recStat>
       <memIdnum>1003702</memIdnum>
       <stLine4></stLine4>
       <asaIdxno>0</asaIdxno>
       <stLine1>2914 West Oak Ter</stLine1>
       <attrCode>GTHADDR</attrCode>
       <srcCode>ARH</srcCode>
       <recCtime xsi:nil="true"/>
       <geoCode2></geoCode2>
       <recMtime xsi:nil="true"/>
       <srcFtime xsi:nil="true"/>
       <geoText1></geoText1>
       <stLine2></stLine2>
       <geoCode1></geoCode1>
       <memRecno>5</memRecno>
       <city>Concord</city>
       <stLine3></stLine3>
       <entRecno>1</entRecno>
       <maudRecno>106</maudRecno>
       <attrName></attrName>
       <rowInd>I</rowInd>
       <country></country>
       <zipCode>94520</zipCode>
       <memSeqno>1</memSeqno>
       <srcLtime xsi:nil="true"/>
       <state>CA</state>
       <attrRecno>53</attrRecno>
      </item>
      <item>
       <caudRecno>106</caudRecno>
       <recStat>A</recStat>
       <memIdnum>1003702</memIdnum>
       <stLine4></stLine4>
       <asaIdxno>0</asaIdxno>
       <stLine1>2914 W Oak Terrace</stLine1>
       <attrCode>HOMEADDR</attrCode>
       <srcCode>ARH</srcCode>
       <recCtime xsi:nil="true"/>
       <geoCode2></geoCode2>
       <recMtime xsi:nil="true"/>
       <srcFtime xsi:nil="true"/>
       <geoText1></geoText1>
       <stLine2></stLine2>
       <geoCode1></geoCode1>
       <memRecno>5</memRecno>
       <city>Concord</city>
       <stLine3></stLine3>
       <entRecno>1</entRecno>
       <maudRecno>106</maudRecno>
       <attrName></attrName>
       <rowInd>I</rowInd>
       <country></country>
       <zipCode>94520</zipCode>
       <memSeqno>2</memSeqno>
       <srcLtime xsi:nil="true"/>
       <state>CA</state>
       <attrRecno>20</attrRecno>
      </item>
     </memAddr>
     <memXtsk xsi:nil="true"/>
     <entXtsk xsi:nil="true"/>
     <memPhone>
      <item>
       <caudRecno>106</caudRecno>
       <recStat>A</recStat>
       <phIcc></phIcc>
       <memIdnum>1003702</memIdnum>
       <entRecno>1</entRecno>
       <asaIdxno>0</asaIdxno>
       <attrCode>HOMEPHON</attrCode>
       <maudRecno>106</maudRecno>
       <srcCode>ARH</srcCode>
       <attrName></attrName>
       <phCmnt></phCmnt>
       <recCtime xsi:nil="true"/>
       <rowInd>I</rowInd>
       <recMtime xsi:nil="true"/>
       <srcFtime xsi:nil="true"/>
       <phArea></phArea>
       <srcLtime xsi:nil="true"/>
       <memSeqno>28</memSeqno>
       <phNumber>925-686-9876</phNumber>
       <phExtn></phExtn>
       <attrRecno>21</attrRecno>
       <memRecno>5</memRecno>
      </item>
      <item>
       <caudRecno>106</caudRecno>
       <recStat>A</recStat>
       <phIcc></phIcc>
       <memIdnum>1003702</memIdnum>
       <entRecno>1</entRecno>
       <asaIdxno>0</asaIdxno>
       <attrCode>PCPPHN</attrCode>
       <maudRecno>106</maudRecno>
       <srcCode>ARH</srcCode>
       <attrName></attrName>
       <phCmnt></phCmnt>
       <recCtime xsi:nil="true"/>
       <rowInd>I</rowInd>
       <recMtime xsi:nil="true"/>
       <srcFtime xsi:nil="true"/>
       <phArea></phArea>
       <srcLtime xsi:nil="true"/>
       <memSeqno>29</memSeqno>
       <phNumber>415-535-2719</phNumber>
       <phExtn></phExtn>
       <attrRecno>32</attrRecno>
       <memRecno>5</memRecno>
      </item>
     </memPhone>
     <memExtb xsi:nil="true"/>
     <memOque xsi:nil="true"/>
     <memText xsi:nil="true"/>
     <memAttr>
      <item>
       <caudRecno>106</caudRecno>
       <recStat>A</recStat>
       <memIdnum>1003702</memIdnum>
       <entRecno>1</entRecno>
       <asaIdxno>0</asaIdxno>
       <attrCode>FACILITY</attrCode>
       <maudRecno>106</maudRecno>
       <srcCode>ARH</srcCode>
       <attrName></attrName>
       <recCtime xsi:nil="true"/>
       <rowInd>I</rowInd>
       <attrVal>ARH</attrVal>
       <recMtime xsi:nil="true"/>
       <srcFtime xsi:nil="true"/>
       <srcLtime xsi:nil="true"/>
       <memSeqno>3</memSeqno>
       <attrRecno>16</attrRecno>
       <memRecno>5</memRecno>
      </item>
      <item>
       <caudRecno>106</caudRecno>
       <recStat>A</recStat>
       <memIdnum>1003702</memIdnum>
       <entRecno>1</entRecno>
       <asaIdxno>0</asaIdxno>
       <attrCode>GTEMPNM</attrCode>
       <maudRecno>106</maudRecno>
       <srcCode>ARH</srcCode>
       <attrName></attrName>
       <recCtime xsi:nil="true"/>
       <rowInd>I</rowInd>
       <attrVal>Bank of America</attrVal>
       <recMtime xsi:nil="true"/>
       <srcFtime xsi:nil="true"/>
       <srcLtime xsi:nil="true"/>
       <memSeqno>4</memSeqno>
       <attrRecno>57</attrRecno>
       <memRecno>5</memRecno>
      </item>
      <item>
       <caudRecno>106</caudRecno>
       <recStat>A</recStat>
       <memIdnum>1003702</memIdnum>
       <entRecno>1</entRecno>
       <asaIdxno>0</asaIdxno>
       <attrCode>GTINSCOV</attrCode>
       <maudRecno>106</maudRecno>
       <srcCode>ARH</srcCode>
       <attrName></attrName>
       <recCtime xsi:nil="true"/>
       <rowInd>I</rowInd>
       <attrVal>X61</attrVal>
       <recMtime xsi:nil="true"/>
       <srcFtime xsi:nil="true"/>
       <srcLtime xsi:nil="true"/>
       <memSeqno>5</memSeqno>
       <attrRecno>56</attrRecno>
       <memRecno>5</memRecno>
      </item>
      <item>
       <caudRecno>106</caudRecno>
       <recStat>A</recStat>
       <memIdnum>1003702</memIdnum>
       <entRecno>1</entRecno>
       <asaIdxno>0</asaIdxno>
       <attrCode>GTINSNM</attrCode>
       <maudRecno>106</maudRecno>
       <srcCode>ARH</srcCode>
       <attrName></attrName>
       <recCtime xsi:nil="true"/>
       <rowInd>I</rowInd>
       <attrVal>Blue Cross</attrVal>
       <recMtime xsi:nil="true"/>
       <srcFtime xsi:nil="true"/>
       <srcLtime xsi:nil="true"/>
       <memSeqno>6</memSeqno>
       <attrRecno>54</attrRecno>
       <memRecno>5</memRecno>
      </item>
      <item>
       <caudRecno>106</caudRecno>
       <recStat>A</recStat>
       <memIdnum>1003702</memIdnum>
       <entRecno>1</entRecno>
       <asaIdxno>0</asaIdxno>
       <attrCode>GTINSPOL</attrCode>
       <maudRecno>106</maudRecno>
       <srcCode>ARH</srcCode>
       <attrName></attrName>
       <recCtime xsi:nil="true"/>
       <rowInd>I</rowInd>
       <attrVal>R123738</attrVal>
       <recMtime xsi:nil="true"/>
       <srcFtime xsi:nil="true"/>
       <srcLtime xsi:nil="true"/>
       <memSeqno>7</memSeqno>
       <attrRecno>55</attrRecno>
       <memRecno>5</memRecno>
      </item>
      <item>
       <caudRecno>106</caudRecno>
       <recStat>A</recStat>
       <memIdnum>1003702</memIdnum>
       <entRecno>1</entRecno>
       <asaIdxno>0</asaIdxno>
       <attrCode>GTOCC</attrCode>
       <maudRecno>106</maudRecno>
       <srcCode>ARH</srcCode>
       <attrName></attrName>
       <recCtime xsi:nil="true"/>
       <rowInd>I</rowInd>
       <attrVal>Loan Manager</attrVal>
       <recMtime xsi:nil="true"/>
       <srcFtime xsi:nil="true"/>
       <srcLtime xsi:nil="true"/>
       <memSeqno>8</memSeqno>
       <attrRecno>58</attrRecno>
       <memRecno>5</memRecno>
      </item>
      <item>
       <caudRecno>106</caudRecno>
       <recStat>A</recStat>
       <memIdnum>1003702</memIdnum>
       <entRecno>1</entRecno>
       <asaIdxno>0</asaIdxno>
       <attrCode>LANGUAGE</attrCode>
       <maudRecno>106</maudRecno>
       <srcCode>ARH</srcCode>
       <attrName></attrName>
       <recCtime xsi:nil="true"/>
       <rowInd>I</rowInd>
       <attrVal>English</attrVal>
       <recMtime xsi:nil="true"/>
       <srcFtime xsi:nil="true"/>
       <srcLtime xsi:nil="true"/>
       <memSeqno>9</memSeqno>
       <attrRecno>15</attrRecno>
       <memRecno>5</memRecno>
      </item>
      <item>
       <caudRecno>106</caudRecno>
       <recStat>A</recStat>
       <memIdnum>1003702</memIdnum>
       <entRecno>1</entRecno>
       <asaIdxno>0</asaIdxno>
       <attrCode>OPERID</attrCode>
       <maudRecno>106</maudRecno>
       <srcCode>ARH</srcCode>
       <attrName></attrName>
       <recCtime xsi:nil="true"/>
       <rowInd>I</rowInd>
       <attrVal>RLO</attrVal>
       <recMtime xsi:nil="true"/>
       <srcFtime xsi:nil="true"/>
       <srcLtime xsi:nil="true"/>
       <memSeqno>10</memSeqno>
       <attrRecno>17</attrRecno>
       <memRecno>5</memRecno>
      </item>
      <item>
       <caudRecno>106</caudRecno>
       <recStat>A</recStat>
       <memIdnum>1003702</memIdnum>
       <entRecno>1</entRecno>
       <asaIdxno>0</asaIdxno>
       <attrCode>PCPDEAID</attrCode>
       <maudRecno>106</maudRecno>
       <srcCode>ARH</srcCode>
       <attrName></attrName>
       <recCtime xsi:nil="true"/>
       <rowInd>I</rowInd>
       <attrVal>BW6008660</attrVal>
       <recMtime xsi:nil="true"/>
       <srcFtime xsi:nil="true"/>
       <srcLtime xsi:nil="true"/>
       <memSeqno>11</memSeqno>
       <attrRecno>33</attrRecno>
       <memRecno>5</memRecno>
      </item>
      <item>
       <caudRecno>106</caudRecno>
       <recStat>A</recStat>
       <memIdnum>1003702</memIdnum>
       <entRecno>1</entRecno>
       <asaIdxno>0</asaIdxno>
       <attrCode>PCPLICID</attrCode>
       <maudRecno>106</maudRecno>
       <srcCode>ARH</srcCode>
       <attrName></attrName>
       <recCtime xsi:nil="true"/>
       <rowInd>I</rowInd>
       <attrVal>153443366</attrVal>
       <recMtime xsi:nil="true"/>
       <srcFtime xsi:nil="true"/>
       <srcLtime xsi:nil="true"/>
       <memSeqno>12</memSeqno>
       <attrRecno>30</attrRecno>
       <memRecno>5</memRecno>
      </item>
      <item>
       <caudRecno>106</caudRecno>
       <recStat>A</recStat>
       <memIdnum>1003702</memIdnum>
       <entRecno>1</entRecno>
       <asaIdxno>0</asaIdxno>
       <attrCode>PCPPRAC</attrCode>
       <maudRecno>106</maudRecno>
       <srcCode>ARH</srcCode>
       <attrName></attrName>
       <recCtime xsi:nil="true"/>
       <rowInd>I</rowInd>
       <attrVal>Meyers Margie - Buffalo Grove Oral Surgery</attrVal>
       <recMtime xsi:nil="true"/>
       <srcFtime xsi:nil="true"/>
       <srcLtime xsi:nil="true"/>
       <memSeqno>13</memSeqno>
       <attrRecno>31</attrRecno>
       <memRecno>5</memRecno>
      </item>
      <item>
       <caudRecno>106</caudRecno>
       <recStat>A</recStat>
       <memIdnum>1003702</memIdnum>
       <entRecno>1</entRecno>
       <asaIdxno>0</asaIdxno>
       <attrCode>PCPSPEC</attrCode>
       <maudRecno>106</maudRecno>
       <srcCode>ARH</srcCode>
       <attrName></attrName>
       <recCtime xsi:nil="true"/>
       <rowInd>I</rowInd>
       <attrVal>Hematology</attrVal>
       <recMtime xsi:nil="true"/>
       <srcFtime xsi:nil="true"/>
       <srcLtime xsi:nil="true"/>
       <memSeqno>14</memSeqno>
       <attrRecno>34</attrRecno>
       <memRecno>5</memRecno>
      </item>
      <item>
       <caudRecno>106</caudRecno>
       <recStat>A</recStat>
       <memIdnum>1003702</memIdnum>
       <entRecno>1</entRecno>
       <asaIdxno>0</asaIdxno>
       <attrCode>RACE</attrCode>
       <maudRecno>106</maudRecno>
       <srcCode>ARH</srcCode>
       <attrName></attrName>
       <recCtime xsi:nil="true"/>
       <rowInd>I</rowInd>
       <attrVal>Caucasian</attrVal>
       <recMtime xsi:nil="true"/>
       <srcFtime xsi:nil="true"/>
       <srcLtime xsi:nil="true"/>
       <memSeqno>15</memSeqno>
       <attrRecno>12</attrRecno>
       <memRecno>5</memRecno>
      </item>
      <item>
       <caudRecno>106</caudRecno>
       <recStat>A</recStat>
       <memIdnum>1003702</memIdnum>
       <entRecno>1</entRecno>
       <asaIdxno>0</asaIdxno>
       <attrCode>RELIGION</attrCode>
       <maudRecno>106</maudRecno>
       <srcCode>ARH</srcCode>
       <attrName></attrName>
       <recCtime xsi:nil="true"/>
       <rowInd>I</rowInd>
       <attrVal>Christian</attrVal>
       <recMtime xsi:nil="true"/>
       <srcFtime xsi:nil="true"/>
       <srcLtime xsi:nil="true"/>
       <memSeqno>16</memSeqno>
       <attrRecno>14</attrRecno>
       <memRecno>5</memRecno>
      </item>
      <item>
       <caudRecno>106</caudRecno>
       <recStat>A</recStat>
       <memIdnum>1003702</memIdnum>
       <entRecno>1</entRecno>
       <asaIdxno>0</asaIdxno>
       <attrCode>SEX</attrCode>
       <maudRecno>106</maudRecno>
       <srcCode>ARH</srcCode>
       <attrName></attrName>
       <recCtime xsi:nil="true"/>
       <rowInd>I</rowInd>
       <attrVal>F</attrVal>
       <recMtime xsi:nil="true"/>
       <srcFtime xsi:nil="true"/>
       <srcLtime xsi:nil="true"/>
       <memSeqno>17</memSeqno>
       <attrRecno>11</attrRecno>
       <memRecno>5</memRecno>
      </item>
     </memAttr>
     <memXeia xsi:nil="true"/>
     <memEnum xsi:nil="true"/>
     <memExta xsi:nil="true"/>
     <memHead>
      <caudRecno>106</caudRecno>
      <memIdnum>1003702</memIdnum>
      <linkType>X</linkType>
      <entRecno>1</entRecno>
      <matchCode>Unknown</matchCode>
      <maudRecno>106</maudRecno>
      <srcCode>ARH</srcCode>
      <recCtime xsi:nil="true"/>
      <rowInd>I</rowInd>
      <recMtime xsi:nil="true"/>
      <srcFtime xsi:nil="true"/>
      <memVerno>0</memVerno>
      <srcRecno>213</srcRecno>
      <memSeqno>29</memSeqno>
      <srcLtime xsi:nil="true"/>
      <memStat>A</memStat>
      <memRecno>5</memRecno>
      <matchScore>0</matchScore>
     </memHead>
     <memDate>
      <item>
       <caudRecno>106</caudRecno>
       <recStat>A</recStat>
       <memIdnum>1003702</memIdnum>
       <entRecno>1</entRecno>
       <asaIdxno>0</asaIdxno>
       <attrCode>BIRTHDT</attrCode>
       <maudRecno>106</maudRecno>
       <srcCode>ARH</srcCode>
       <attrName></attrName>
       <recCtime xsi:nil="true"/>
       <rowInd>I</rowInd>
       <recMtime xsi:nil="true"/>
       <srcFtime xsi:nil="true"/>
       <dateVal>1956-11-20</dateVal>
       <srcLtime xsi:nil="true"/>
       <memSeqno>18</memSeqno>
       <attrRecno>27</attrRecno>
       <memRecno>5</memRecno>
      </item>
      <item>
       <caudRecno>106</caudRecno>
       <recStat>A</recStat>
       <memIdnum>1003702</memIdnum>
       <entRecno>1</entRecno>
       <asaIdxno>0</asaIdxno>
       <attrCode>GTDOB</attrCode>
       <maudRecno>106</maudRecno>
       <srcCode>ARH</srcCode>
       <attrName></attrName>
       <recCtime xsi:nil="true"/>
       <rowInd>I</rowInd>
       <recMtime xsi:nil="true"/>
       <srcFtime xsi:nil="true"/>
       <dateVal>1956-11-03</dateVal>
       <srcLtime xsi:nil="true"/>
       <memSeqno>19</memSeqno>
       <attrRecno>52</attrRecno>
       <memRecno>5</memRecno>
      </item>
     </memDate>
     <memExtd xsi:nil="true"/>
     <entRule xsi:nil="true"/>
     <memExte xsi:nil="true"/>
     <memLink xsi:nil="true"/>
     <memName>
      <item>
       <caudRecno>106</caudRecno>
       <recStat>A</recStat>
       <memIdnum>1003702</memIdnum>
       <asaIdxno>0</asaIdxno>
       <attrCode>GTNAME</attrCode>
       <srcCode>ARH</srcCode>
       <recCtime xsi:nil="true"/>
       <recMtime xsi:nil="true"/>
       <srcFtime xsi:nil="true"/>
       <memRecno>5</memRecno>
       <onmLast>Contryman</onmLast>
       <entRecno>1</entRecno>
       <maudRecno>106</maudRecno>
       <onmTitle></onmTitle>
       <attrName></attrName>
       <rowInd>I</rowInd>
       <onmFirst>Brian</onmFirst>
       <onmDegree></onmDegree>
       <onmSuffix></onmSuffix>
       <srcLtime xsi:nil="true"/>
       <memSeqno>25</memSeqno>
       <onmMiddle></onmMiddle>
       <attrRecno>51</attrRecno>
       <onmPrefix></onmPrefix>
      </item>
      <item>
       <caudRecno>106</caudRecno>
       <recStat>A</recStat>
       <memIdnum>1003702</memIdnum>
       <asaIdxno>0</asaIdxno>
       <attrCode>LGLNAME</attrCode>
       <srcCode>ARH</srcCode>
       <recCtime xsi:nil="true"/>
       <recMtime xsi:nil="true"/>
       <srcFtime xsi:nil="true"/>
       <memRecno>5</memRecno>
       <onmLast>Contryman</onmLast>
       <entRecno>1</entRecno>
       <maudRecno>106</maudRecno>
       <onmTitle></onmTitle>
       <attrName></attrName>
       <rowInd>I</rowInd>
       <onmFirst>Patty</onmFirst>
       <onmDegree></onmDegree>
       <onmSuffix></onmSuffix>
       <srcLtime xsi:nil="true"/>
       <memSeqno>26</memSeqno>
       <onmMiddle></onmMiddle>
       <attrRecno>19</attrRecno>
       <onmPrefix></onmPrefix>
      </item>
      <item>
       <caudRecno>106</caudRecno>
       <recStat>A</recStat>
       <memIdnum>1003702</memIdnum>
       <asaIdxno>0</asaIdxno>
       <attrCode>PCPNAME</attrCode>
       <srcCode>ARH</srcCode>
       <recCtime xsi:nil="true"/>
       <recMtime xsi:nil="true"/>
       <srcFtime xsi:nil="true"/>
       <memRecno>5</memRecno>
       <onmLast>Green</onmLast>
       <entRecno>1</entRecno>
       <maudRecno>106</maudRecno>
       <onmTitle></onmTitle>
       <attrName></attrName>
       <rowInd>I</rowInd>
       <onmFirst>Matthew</onmFirst>
       <onmDegree></onmDegree>
       <onmSuffix></onmSuffix>
       <srcLtime xsi:nil="true"/>
       <memSeqno>27</memSeqno>
       <onmMiddle></onmMiddle>
       <attrRecno>29</attrRecno>
       <onmPrefix></onmPrefix>
      </item>
     </memName>
     <memNote xsi:nil="true"/>
     <memCont xsi:nil="true"/>
     <compareInfo></compareInfo>
     <entNote xsi:nil="true"/>
     <entOque xsi:nil="true"/>
     <entXeia xsi:nil="true"/>
     <memQryd xsi:nil="true"/>
     <memElig xsi:nil="true"/>
     <memOref xsi:nil="true"/>
     <memBktd xsi:nil="true"/>
     <memIque xsi:nil="true"/>
     <memIdent>
      <item>
       <idExpDate xsi:nil="true"/>
       <idIssuer>SSA</idIssuer>
       <caudRecno>106</caudRecno>
       <recStat>A</recStat>
       <idSrcRecno>3</idSrcRecno>
       <memIdnum>1003702</memIdnum>
       <entRecno>1</entRecno>
       <asaIdxno>0</asaIdxno>
       <attrCode>GTSSN</attrCode>
       <idNumber>483760721</idNumber>
       <maudRecno>106</maudRecno>
       <srcCode>ARH</srcCode>
       <attrName></attrName>
       <recCtime xsi:nil="true"/>
       <rowInd>I</rowInd>
       <recMtime xsi:nil="true"/>
       <srcFtime xsi:nil="true"/>
       <srcLtime xsi:nil="true"/>
       <memSeqno>21</memSeqno>
       <attrRecno>59</attrRecno>
       <memRecno>5</memRecno>
      </item>
      <item>
       <idExpDate xsi:nil="true"/>
       <idIssuer>ARH</idIssuer>
       <caudRecno>106</caudRecno>
       <recStat>A</recStat>
       <idSrcRecno>213</idSrcRecno>
       <memIdnum>1003702</memIdnum>
       <entRecno>1</entRecno>
       <asaIdxno>0</asaIdxno>
       <attrCode>PTCHRTID</attrCode>
       <idNumber>1003702</idNumber>
       <maudRecno>106</maudRecno>
       <srcCode>ARH</srcCode>
       <attrName></attrName>
       <recCtime xsi:nil="true"/>
       <rowInd>I</rowInd>
       <recMtime xsi:nil="true"/>
       <srcFtime xsi:nil="true"/>
       <srcLtime xsi:nil="true"/>
       <memSeqno>22</memSeqno>
       <attrRecno>25</attrRecno>
       <memRecno>5</memRecno>
      </item>
      <item>
       <idExpDate xsi:nil="true"/>
       <idIssuer>ARH</idIssuer>
       <caudRecno>106</caudRecno>
       <recStat>A</recStat>
       <idSrcRecno>213</idSrcRecno>
       <memIdnum>1003702</memIdnum>
       <entRecno>1</entRecno>
       <asaIdxno>0</asaIdxno>
       <attrCode>PTENTRID</attrCode>
       <idNumber>E524001</idNumber>
       <maudRecno>106</maudRecno>
       <srcCode>ARH</srcCode>
       <attrName></attrName>
       <recCtime xsi:nil="true"/>
       <rowInd>I</rowInd>
       <recMtime xsi:nil="true"/>
       <srcFtime xsi:nil="true"/>
       <srcLtime xsi:nil="true"/>
       <memSeqno>23</memSeqno>
       <attrRecno>24</attrRecno>
       <memRecno>5</memRecno>
      </item>
      <item>
       <idExpDate xsi:nil="true"/>
       <idIssuer>SSA</idIssuer>
       <caudRecno>106</caudRecno>
       <recStat>A</recStat>
       <idSrcRecno>3</idSrcRecno>
       <memIdnum>1003702</memIdnum>
       <entRecno>1</entRecno>
       <asaIdxno>0</asaIdxno>
       <attrCode>SSN</attrCode>
       <idNumber>263199065</idNumber>
       <maudRecno>106</maudRecno>
       <srcCode>ARH</srcCode>
       <attrName></attrName>
       <recCtime xsi:nil="true"/>
       <rowInd>I</rowInd>
       <recMtime xsi:nil="true"/>
       <srcFtime xsi:nil="true"/>
       <srcLtime xsi:nil="true"/>
       <memSeqno>24</memSeqno>
       <attrRecno>23</attrRecno>
       <memRecno>5</memRecno>
      </item>
     </memIdent>
    </item>
    <item xsi:type="ns2:Member" xmlns:ns2="urn:bean.initiate.com">
     <memDrug xsi:nil="true"/>
     <entLink xsi:nil="true"/>
     <memIds xsi:nil="true"/>
     <entIque xsi:nil="true"/>
     <memAppt xsi:nil="true"/>
     <memRule xsi:nil="true"/>
     <memExtc xsi:nil="true"/>
     <memCmpd xsi:nil="true"/>
     <memAddr>
      <item>
       <caudRecno>104</caudRecno>
       <recStat>A</recStat>
       <memIdnum>76690</memIdnum>
       <stLine4></stLine4>
       <asaIdxno>0</asaIdxno>
       <stLine1>P.O. Box 2919</stLine1>
       <attrCode>GTHADDR</attrCode>
       <srcCode>PHYS</srcCode>
       <recCtime xsi:nil="true"/>
       <geoCode2></geoCode2>
       <recMtime xsi:nil="true"/>
       <srcFtime xsi:nil="true"/>
       <geoText1></geoText1>
       <stLine2></stLine2>
       <geoCode1></geoCode1>
       <memRecno>3</memRecno>
       <city>Concord</city>
       <stLine3></stLine3>
       <entRecno>1</entRecno>
       <maudRecno>104</maudRecno>
       <attrName></attrName>
       <rowInd>I</rowInd>
       <country></country>
       <zipCode>94520</zipCode>
       <memSeqno>1</memSeqno>
       <srcLtime xsi:nil="true"/>
       <state>CA</state>
       <attrRecno>53</attrRecno>
      </item>
      <item>
       <caudRecno>104</caudRecno>
       <recStat>A</recStat>
       <memIdnum>76690</memIdnum>
       <stLine4></stLine4>
       <asaIdxno>0</asaIdxno>
       <stLine1>P.O. Box 2919</stLine1>
       <attrCode>HOMEADDR</attrCode>
       <srcCode>PHYS</srcCode>
       <recCtime xsi:nil="true"/>
       <geoCode2></geoCode2>
       <recMtime xsi:nil="true"/>
       <srcFtime xsi:nil="true"/>
       <geoText1></geoText1>
       <stLine2></stLine2>
       <geoCode1></geoCode1>
       <memRecno>3</memRecno>
       <city>Concord</city>
       <stLine3></stLine3>
       <entRecno>1</entRecno>
       <maudRecno>104</maudRecno>
       <attrName></attrName>
       <rowInd>I</rowInd>
       <country></country>
       <zipCode>94520</zipCode>
       <memSeqno>2</memSeqno>
       <srcLtime xsi:nil="true"/>
       <state>CA</state>
       <attrRecno>20</attrRecno>
      </item>
     </memAddr>
     <memXtsk xsi:nil="true"/>
     <entXtsk xsi:nil="true"/>
     <memPhone>
      <item>
       <caudRecno>104</caudRecno>
       <recStat>A</recStat>
       <phIcc></phIcc>
       <memIdnum>76690</memIdnum>
       <entRecno>1</entRecno>
       <asaIdxno>0</asaIdxno>
       <attrCode>HOMEPHON</attrCode>
       <maudRecno>104</maudRecno>
       <srcCode>PHYS</srcCode>
       <attrName></attrName>
       <phCmnt></phCmnt>
       <recCtime xsi:nil="true"/>
       <rowInd>I</rowInd>
       <recMtime xsi:nil="true"/>
       <srcFtime xsi:nil="true"/>
       <phArea></phArea>
       <srcLtime xsi:nil="true"/>
       <memSeqno>28</memSeqno>
       <phNumber>925-686-9876</phNumber>
       <phExtn></phExtn>
       <attrRecno>21</attrRecno>
       <memRecno>3</memRecno>
      </item>
      <item>
       <caudRecno>104</caudRecno>
       <recStat>A</recStat>
       <phIcc></phIcc>
       <memIdnum>76690</memIdnum>
       <entRecno>1</entRecno>
       <asaIdxno>0</asaIdxno>
       <attrCode>PCPPHN</attrCode>
       <maudRecno>104</maudRecno>
       <srcCode>PHYS</srcCode>
       <attrName></attrName>
       <phCmnt></phCmnt>
       <recCtime xsi:nil="true"/>
       <rowInd>I</rowInd>
       <recMtime xsi:nil="true"/>
       <srcFtime xsi:nil="true"/>
       <phArea></phArea>
       <srcLtime xsi:nil="true"/>
       <memSeqno>29</memSeqno>
       <phNumber>916-484-3456</phNumber>
       <phExtn></phExtn>
       <attrRecno>32</attrRecno>
       <memRecno>3</memRecno>
      </item>
     </memPhone>
     <memExtb xsi:nil="true"/>
     <memOque xsi:nil="true"/>
     <memText xsi:nil="true"/>
     <memAttr>
      <item>
       <caudRecno>104</caudRecno>
       <recStat>A</recStat>
       <memIdnum>76690</memIdnum>
       <entRecno>1</entRecno>
       <asaIdxno>0</asaIdxno>
       <attrCode>FACILITY</attrCode>
       <maudRecno>104</maudRecno>
       <srcCode>PHYS</srcCode>
       <attrName></attrName>
       <recCtime xsi:nil="true"/>
       <rowInd>I</rowInd>
       <attrVal>PHYS</attrVal>
       <recMtime xsi:nil="true"/>
       <srcFtime xsi:nil="true"/>
       <srcLtime xsi:nil="true"/>
       <memSeqno>3</memSeqno>
       <attrRecno>16</attrRecno>
       <memRecno>3</memRecno>
      </item>
      <item>
       <caudRecno>104</caudRecno>
       <recStat>A</recStat>
       <memIdnum>76690</memIdnum>
       <entRecno>1</entRecno>
       <asaIdxno>0</asaIdxno>
       <attrCode>GTEMPNM</attrCode>
       <maudRecno>104</maudRecno>
       <srcCode>PHYS</srcCode>
       <attrName></attrName>
       <recCtime xsi:nil="true"/>
       <rowInd>I</rowInd>
       <attrVal>Bank of America</attrVal>
       <recMtime xsi:nil="true"/>
       <srcFtime xsi:nil="true"/>
       <srcLtime xsi:nil="true"/>
       <memSeqno>4</memSeqno>
       <attrRecno>57</attrRecno>
       <memRecno>3</memRecno>
      </item>
      <item>
       <caudRecno>104</caudRecno>
       <recStat>A</recStat>
       <memIdnum>76690</memIdnum>
       <entRecno>1</entRecno>
       <asaIdxno>0</asaIdxno>
       <attrCode>GTINSCOV</attrCode>
       <maudRecno>104</maudRecno>
       <srcCode>PHYS</srcCode>
       <attrName></attrName>
       <recCtime xsi:nil="true"/>
       <rowInd>I</rowInd>
       <attrVal>F25</attrVal>
       <recMtime xsi:nil="true"/>
       <srcFtime xsi:nil="true"/>
       <srcLtime xsi:nil="true"/>
       <memSeqno>5</memSeqno>
       <attrRecno>56</attrRecno>
       <memRecno>3</memRecno>
      </item>
      <item>
       <caudRecno>104</caudRecno>
       <recStat>A</recStat>
       <memIdnum>76690</memIdnum>
       <entRecno>1</entRecno>
       <asaIdxno>0</asaIdxno>
       <attrCode>GTINSNM</attrCode>
       <maudRecno>104</maudRecno>
       <srcCode>PHYS</srcCode>
       <attrName></attrName>
       <recCtime xsi:nil="true"/>
       <rowInd>I</rowInd>
       <attrVal>Prudential</attrVal>
       <recMtime xsi:nil="true"/>
       <srcFtime xsi:nil="true"/>
       <srcLtime xsi:nil="true"/>
       <memSeqno>6</memSeqno>
       <attrRecno>54</attrRecno>
       <memRecno>3</memRecno>
      </item>
      <item>
       <caudRecno>104</caudRecno>
       <recStat>A</recStat>
       <memIdnum>76690</memIdnum>
       <entRecno>1</entRecno>
       <asaIdxno>0</asaIdxno>
       <attrCode>GTINSPOL</attrCode>
       <maudRecno>104</maudRecno>
       <srcCode>PHYS</srcCode>
       <attrName></attrName>
       <recCtime xsi:nil="true"/>
       <rowInd>I</rowInd>
       <attrVal>P1455555</attrVal>
       <recMtime xsi:nil="true"/>
       <srcFtime xsi:nil="true"/>
       <srcLtime xsi:nil="true"/>
       <memSeqno>7</memSeqno>
       <attrRecno>55</attrRecno>
       <memRecno>3</memRecno>
      </item>
      <item>
       <caudRecno>104</caudRecno>
       <recStat>A</recStat>
       <memIdnum>76690</memIdnum>
       <entRecno>1</entRecno>
       <asaIdxno>0</asaIdxno>
       <attrCode>GTOCC</attrCode>
       <maudRecno>104</maudRecno>
       <srcCode>PHYS</srcCode>
       <attrName></attrName>
       <recCtime xsi:nil="true"/>
       <rowInd>I</rowInd>
       <attrVal>Loan Manager</attrVal>
       <recMtime xsi:nil="true"/>
       <srcFtime xsi:nil="true"/>
       <srcLtime xsi:nil="true"/>
       <memSeqno>8</memSeqno>
       <attrRecno>58</attrRecno>
       <memRecno>3</memRecno>
      </item>
      <item>
       <caudRecno>104</caudRecno>
       <recStat>A</recStat>
       <memIdnum>76690</memIdnum>
       <entRecno>1</entRecno>
       <asaIdxno>0</asaIdxno>
       <attrCode>LANGUAGE</attrCode>
       <maudRecno>104</maudRecno>
       <srcCode>PHYS</srcCode>
       <attrName></attrName>
       <recCtime xsi:nil="true"/>
       <rowInd>I</rowInd>
       <attrVal>English</attrVal>
       <recMtime xsi:nil="true"/>
       <srcFtime xsi:nil="true"/>
       <srcLtime xsi:nil="true"/>
       <memSeqno>9</memSeqno>
       <attrRecno>15</attrRecno>
       <memRecno>3</memRecno>
      </item>
      <item>
       <caudRecno>104</caudRecno>
       <recStat>A</recStat>
       <memIdnum>76690</memIdnum>
       <entRecno>1</entRecno>
       <asaIdxno>0</asaIdxno>
       <attrCode>OPERID</attrCode>
       <maudRecno>104</maudRecno>
       <srcCode>PHYS</srcCode>
       <attrName></attrName>
       <recCtime xsi:nil="true"/>
       <rowInd>I</rowInd>
       <attrVal>CMJ</attrVal>
       <recMtime xsi:nil="true"/>
       <srcFtime xsi:nil="true"/>
       <srcLtime xsi:nil="true"/>
       <memSeqno>10</memSeqno>
       <attrRecno>17</attrRecno>
       <memRecno>3</memRecno>
      </item>
      <item>
       <caudRecno>104</caudRecno>
       <recStat>A</recStat>
       <memIdnum>76690</memIdnum>
       <entRecno>1</entRecno>
       <asaIdxno>0</asaIdxno>
       <attrCode>PCPDEAID</attrCode>
       <maudRecno>104</maudRecno>
       <srcCode>PHYS</srcCode>
       <attrName></attrName>
       <recCtime xsi:nil="true"/>
       <rowInd>I</rowInd>
       <attrVal>BM6774384</attrVal>
       <recMtime xsi:nil="true"/>
       <srcFtime xsi:nil="true"/>
       <srcLtime xsi:nil="true"/>
       <memSeqno>11</memSeqno>
       <attrRecno>33</attrRecno>
       <memRecno>3</memRecno>
      </item>
      <item>
       <caudRecno>104</caudRecno>
       <recStat>A</recStat>
       <memIdnum>76690</memIdnum>
       <entRecno>1</entRecno>
       <asaIdxno>0</asaIdxno>
       <attrCode>PCPLICID</attrCode>
       <maudRecno>104</maudRecno>
       <srcCode>PHYS</srcCode>
       <attrName></attrName>
       <recCtime xsi:nil="true"/>
       <rowInd>I</rowInd>
       <attrVal>153443340</attrVal>
       <recMtime xsi:nil="true"/>
       <srcFtime xsi:nil="true"/>
       <srcLtime xsi:nil="true"/>
       <memSeqno>12</memSeqno>
       <attrRecno>30</attrRecno>
       <memRecno>3</memRecno>
      </item>
      <item>
       <caudRecno>104</caudRecno>
       <recStat>A</recStat>
       <memIdnum>76690</memIdnum>
       <entRecno>1</entRecno>
       <asaIdxno>0</asaIdxno>
       <attrCode>PCPPRAC</attrCode>
       <maudRecno>104</maudRecno>
       <srcCode>PHYS</srcCode>
       <attrName></attrName>
       <recCtime xsi:nil="true"/>
       <rowInd>I</rowInd>
       <attrVal>Progressive Financial Inc</attrVal>
       <recMtime xsi:nil="true"/>
       <srcFtime xsi:nil="true"/>
       <srcLtime xsi:nil="true"/>
       <memSeqno>13</memSeqno>
       <attrRecno>31</attrRecno>
       <memRecno>3</memRecno>
      </item>
      <item>
       <caudRecno>104</caudRecno>
       <recStat>A</recStat>
       <memIdnum>76690</memIdnum>
       <entRecno>1</entRecno>
       <asaIdxno>0</asaIdxno>
       <attrCode>PCPSPEC</attrCode>
       <maudRecno>104</maudRecno>
       <srcCode>PHYS</srcCode>
       <attrName></attrName>
       <recCtime xsi:nil="true"/>
       <rowInd>I</rowInd>
       <attrVal>Gastroenterologic &amp; General Surgery</attrVal>
       <recMtime xsi:nil="true"/>
       <srcFtime xsi:nil="true"/>
       <srcLtime xsi:nil="true"/>
       <memSeqno>14</memSeqno>
       <attrRecno>34</attrRecno>
       <memRecno>3</memRecno>
      </item>
      <item>
       <caudRecno>104</caudRecno>
       <recStat>A</recStat>
       <memIdnum>76690</memIdnum>
       <entRecno>1</entRecno>
       <asaIdxno>0</asaIdxno>
       <attrCode>RACE</attrCode>
       <maudRecno>104</maudRecno>
       <srcCode>PHYS</srcCode>
       <attrName></attrName>
       <recCtime xsi:nil="true"/>
       <rowInd>I</rowInd>
       <attrVal>Caucasian</attrVal>
       <recMtime xsi:nil="true"/>
       <srcFtime xsi:nil="true"/>
       <srcLtime xsi:nil="true"/>
       <memSeqno>15</memSeqno>
       <attrRecno>12</attrRecno>
       <memRecno>3</memRecno>
      </item>
      <item>
       <caudRecno>104</caudRecno>
       <recStat>A</recStat>
       <memIdnum>76690</memIdnum>
       <entRecno>1</entRecno>
       <asaIdxno>0</asaIdxno>
       <attrCode>RELIGION</attrCode>
       <maudRecno>104</maudRecno>
       <srcCode>PHYS</srcCode>
       <attrName></attrName>
       <recCtime xsi:nil="true"/>
       <rowInd>I</rowInd>
       <attrVal>Christian</attrVal>
       <recMtime xsi:nil="true"/>
       <srcFtime xsi:nil="true"/>
       <srcLtime xsi:nil="true"/>
       <memSeqno>16</memSeqno>
       <attrRecno>14</attrRecno>
       <memRecno>3</memRecno>
      </item>
      <item>
       <caudRecno>104</caudRecno>
       <recStat>A</recStat>
       <memIdnum>76690</memIdnum>
       <entRecno>1</entRecno>
       <asaIdxno>0</asaIdxno>
       <attrCode>SEX</attrCode>
       <maudRecno>104</maudRecno>
       <srcCode>PHYS</srcCode>
       <attrName></attrName>
       <recCtime xsi:nil="true"/>
       <rowInd>I</rowInd>
       <attrVal>F</attrVal>
       <recMtime xsi:nil="true"/>
       <srcFtime xsi:nil="true"/>
       <srcLtime xsi:nil="true"/>
       <memSeqno>17</memSeqno>
       <attrRecno>11</attrRecno>
       <memRecno>3</memRecno>
      </item>
     </memAttr>
     <memXeia xsi:nil="true"/>
     <memEnum xsi:nil="true"/>
     <memExta xsi:nil="true"/>
     <memHead>
      <caudRecno>104</caudRecno>
      <memIdnum>76690</memIdnum>
      <linkType>X</linkType>
      <entRecno>1</entRecno>
      <matchCode>Unknown</matchCode>
      <maudRecno>104</maudRecno>
      <srcCode>PHYS</srcCode>
      <recCtime xsi:nil="true"/>
      <rowInd>I</rowInd>
      <recMtime xsi:nil="true"/>
      <srcFtime xsi:nil="true"/>
      <memVerno>0</memVerno>
      <srcRecno>217</srcRecno>
      <memSeqno>29</memSeqno>
      <srcLtime xsi:nil="true"/>
      <memStat>A</memStat>
      <memRecno>3</memRecno>
      <matchScore>0</matchScore>
     </memHead>
     <memDate>
      <item>
       <caudRecno>104</caudRecno>
       <recStat>A</recStat>
       <memIdnum>76690</memIdnum>
       <entRecno>1</entRecno>
       <asaIdxno>0</asaIdxno>
       <attrCode>BIRTHDT</attrCode>
       <maudRecno>104</maudRecno>
       <srcCode>PHYS</srcCode>
       <attrName></attrName>
       <recCtime xsi:nil="true"/>
       <rowInd>I</rowInd>
       <recMtime xsi:nil="true"/>
       <srcFtime xsi:nil="true"/>
       <dateVal>1956-11-20</dateVal>
       <srcLtime xsi:nil="true"/>
       <memSeqno>18</memSeqno>
       <attrRecno>27</attrRecno>
       <memRecno>3</memRecno>
      </item>
      <item>
       <caudRecno>104</caudRecno>
       <recStat>A</recStat>
       <memIdnum>76690</memIdnum>
       <entRecno>1</entRecno>
       <asaIdxno>0</asaIdxno>
       <attrCode>GTDOB</attrCode>
       <maudRecno>104</maudRecno>
       <srcCode>PHYS</srcCode>
       <attrName></attrName>
       <recCtime xsi:nil="true"/>
       <rowInd>I</rowInd>
       <recMtime xsi:nil="true"/>
       <srcFtime xsi:nil="true"/>
       <dateVal>1952-01-05</dateVal>
       <srcLtime xsi:nil="true"/>
       <memSeqno>19</memSeqno>
       <attrRecno>52</attrRecno>
       <memRecno>3</memRecno>
      </item>
     </memDate>
     <memExtd xsi:nil="true"/>
     <entRule xsi:nil="true"/>
     <memExte xsi:nil="true"/>
     <memLink xsi:nil="true"/>
     <memName>
      <item>
       <caudRecno>104</caudRecno>
       <recStat>A</recStat>
       <memIdnum>76690</memIdnum>
       <asaIdxno>0</asaIdxno>
       <attrCode>GTNAME</attrCode>
       <srcCode>PHYS</srcCode>
       <recCtime xsi:nil="true"/>
       <recMtime xsi:nil="true"/>
       <srcFtime xsi:nil="true"/>
       <memRecno>3</memRecno>
       <onmLast>Contryman</onmLast>
       <entRecno>1</entRecno>
       <maudRecno>104</maudRecno>
       <onmTitle></onmTitle>
       <attrName></attrName>
       <rowInd>I</rowInd>
       <onmFirst>Lewis</onmFirst>
       <onmDegree></onmDegree>
       <onmSuffix></onmSuffix>
       <srcLtime xsi:nil="true"/>
       <memSeqno>25</memSeqno>
       <onmMiddle></onmMiddle>
       <attrRecno>51</attrRecno>
       <onmPrefix></onmPrefix>
      </item>
      <item>
       <caudRecno>104</caudRecno>
       <recStat>A</recStat>
       <memIdnum>76690</memIdnum>
       <asaIdxno>0</asaIdxno>
       <attrCode>LGLNAME</attrCode>
       <srcCode>PHYS</srcCode>
       <recCtime xsi:nil="true"/>
       <recMtime xsi:nil="true"/>
       <srcFtime xsi:nil="true"/>
       <memRecno>3</memRecno>
       <onmLast>Contryman</onmLast>
       <entRecno>1</entRecno>
       <maudRecno>104</maudRecno>
       <onmTitle></onmTitle>
       <attrName></attrName>
       <rowInd>I</rowInd>
       <onmFirst>Patricia</onmFirst>
       <onmDegree></onmDegree>
       <onmSuffix></onmSuffix>
       <srcLtime xsi:nil="true"/>
       <memSeqno>26</memSeqno>
       <onmMiddle></onmMiddle>
       <attrRecno>19</attrRecno>
       <onmPrefix></onmPrefix>
      </item>
      <item>
       <caudRecno>104</caudRecno>
       <recStat>A</recStat>
       <memIdnum>76690</memIdnum>
       <asaIdxno>0</asaIdxno>
       <attrCode>PCPNAME</attrCode>
       <srcCode>PHYS</srcCode>
       <recCtime xsi:nil="true"/>
       <recMtime xsi:nil="true"/>
       <srcFtime xsi:nil="true"/>
       <memRecno>3</memRecno>
       <onmLast>Lawrence</onmLast>
       <entRecno>1</entRecno>
       <maudRecno>104</maudRecno>
       <onmTitle></onmTitle>
       <attrName></attrName>
       <rowInd>I</rowInd>
       <onmFirst>Freddy</onmFirst>
       <onmDegree></onmDegree>
       <onmSuffix></onmSuffix>
       <srcLtime xsi:nil="true"/>
       <memSeqno>27</memSeqno>
       <onmMiddle></onmMiddle>
       <attrRecno>29</attrRecno>
       <onmPrefix></onmPrefix>
      </item>
     </memName>
     <memNote xsi:nil="true"/>
     <memCont xsi:nil="true"/>
     <compareInfo></compareInfo>
     <entNote xsi:nil="true"/>
     <entOque xsi:nil="true"/>
     <entXeia xsi:nil="true"/>
     <memQryd xsi:nil="true"/>
     <memElig xsi:nil="true"/>
     <memOref xsi:nil="true"/>
     <memBktd xsi:nil="true"/>
     <memIque xsi:nil="true"/>
     <memIdent>
      <item>
       <idExpDate xsi:nil="true"/>
       <idIssuer>SSA</idIssuer>
       <caudRecno>104</caudRecno>
       <recStat>A</recStat>
       <idSrcRecno>3</idSrcRecno>
       <memIdnum>76690</memIdnum>
       <entRecno>1</entRecno>
       <asaIdxno>0</asaIdxno>
       <attrCode>GTSSN</attrCode>
       <idNumber>273760762</idNumber>
       <maudRecno>104</maudRecno>
       <srcCode>PHYS</srcCode>
       <attrName></attrName>
       <recCtime xsi:nil="true"/>
       <rowInd>I</rowInd>
       <recMtime xsi:nil="true"/>
       <srcFtime xsi:nil="true"/>
       <srcLtime xsi:nil="true"/>
       <memSeqno>21</memSeqno>
       <attrRecno>59</attrRecno>
       <memRecno>3</memRecno>
      </item>
      <item>
       <idExpDate xsi:nil="true"/>
       <idIssuer>PHYS</idIssuer>
       <caudRecno>104</caudRecno>
       <recStat>A</recStat>
       <idSrcRecno>217</idSrcRecno>
       <memIdnum>76690</memIdnum>
       <entRecno>1</entRecno>
       <asaIdxno>0</asaIdxno>
       <attrCode>PTCHRTID</attrCode>
       <idNumber>7669</idNumber>
       <maudRecno>104</maudRecno>
       <srcCode>PHYS</srcCode>
       <attrName></attrName>
       <recCtime xsi:nil="true"/>
       <rowInd>I</rowInd>
       <recMtime xsi:nil="true"/>
       <srcFtime xsi:nil="true"/>
       <srcLtime xsi:nil="true"/>
       <memSeqno>22</memSeqno>
       <attrRecno>25</attrRecno>
       <memRecno>3</memRecno>
      </item>
      <item>
       <idExpDate xsi:nil="true"/>
       <idIssuer>PHYS</idIssuer>
       <caudRecno>104</caudRecno>
       <recStat>A</recStat>
       <idSrcRecno>217</idSrcRecno>
       <memIdnum>76690</memIdnum>
       <entRecno>1</entRecno>
       <asaIdxno>0</asaIdxno>
       <attrCode>PTENTRID</attrCode>
       <idNumber>E500001</idNumber>
       <maudRecno>104</maudRecno>
       <srcCode>PHYS</srcCode>
       <attrName></attrName>
       <recCtime xsi:nil="true"/>
       <rowInd>I</rowInd>
       <recMtime xsi:nil="true"/>
       <srcFtime xsi:nil="true"/>
       <srcLtime xsi:nil="true"/>
       <memSeqno>23</memSeqno>
       <attrRecno>24</attrRecno>
       <memRecno>3</memRecno>
      </item>
      <item>
       <idExpDate xsi:nil="true"/>
       <idIssuer>SSA</idIssuer>
       <caudRecno>104</caudRecno>
       <recStat>A</recStat>
       <idSrcRecno>3</idSrcRecno>
       <memIdnum>76690</memIdnum>
       <entRecno>1</entRecno>
       <asaIdxno>0</asaIdxno>
       <attrCode>SSN</attrCode>
       <idNumber>263199065</idNumber>
       <maudRecno>104</maudRecno>
       <srcCode>PHYS</srcCode>
       <attrName></attrName>
       <recCtime xsi:nil="true"/>
       <rowInd>I</rowInd>
       <recMtime xsi:nil="true"/>
       <srcFtime xsi:nil="true"/>
       <srcLtime xsi:nil="true"/>
       <memSeqno>24</memSeqno>
       <attrRecno>23</attrRecno>
       <memRecno>3</memRecno>
      </item>
     </memIdent>
    </item>
    <item xsi:type="ns3:Member" xmlns:ns3="urn:bean.initiate.com">
     <memDrug xsi:nil="true"/>
     <entLink xsi:nil="true"/>
     <memIds xsi:nil="true"/>
     <entIque xsi:nil="true"/>
     <memAppt xsi:nil="true"/>
     <memRule xsi:nil="true"/>
     <memExtc xsi:nil="true"/>
     <memCmpd xsi:nil="true"/>
     <memAddr>
      <item>
       <caudRecno>102</caudRecno>
       <recStat>A</recStat>
       <memIdnum>870504</memIdnum>
       <stLine4></stLine4>
       <asaIdxno>0</asaIdxno>
       <stLine1>P.O. Box 2919</stLine1>
       <attrCode>GTHADDR</attrCode>
       <srcCode>RMC</srcCode>
       <recCtime xsi:nil="true"/>
       <geoCode2></geoCode2>
       <recMtime xsi:nil="true"/>
       <srcFtime xsi:nil="true"/>
       <geoText1></geoText1>
       <stLine2></stLine2>
       <geoCode1></geoCode1>
       <memRecno>1</memRecno>
       <city>Concord</city>
       <stLine3></stLine3>
       <entRecno>1</entRecno>
       <maudRecno>102</maudRecno>
       <attrName></attrName>
       <rowInd>I</rowInd>
       <country></country>
       <zipCode>94520</zipCode>
       <memSeqno>30</memSeqno>
       <srcLtime xsi:nil="true"/>
       <state>CA</state>
       <attrRecno>53</attrRecno>
      </item>
      <item>
       <caudRecno>102</caudRecno>
       <recStat>A</recStat>
       <memIdnum>870504</memIdnum>
       <stLine4></stLine4>
       <asaIdxno>0</asaIdxno>
       <stLine1>P.O. Box 2919</stLine1>
       <attrCode>HOMEADDR</attrCode>
       <srcCode>RMC</srcCode>
       <recCtime xsi:nil="true"/>
       <geoCode2></geoCode2>
       <recMtime xsi:nil="true"/>
       <srcFtime xsi:nil="true"/>
       <geoText1></geoText1>
       <stLine2></stLine2>
       <geoCode1></geoCode1>
       <memRecno>1</memRecno>
       <city>Concord</city>
       <stLine3></stLine3>
       <entRecno>1</entRecno>
       <maudRecno>102</maudRecno>
       <attrName></attrName>
       <rowInd>I</rowInd>
       <country></country>
       <zipCode>94520</zipCode>
       <memSeqno>31</memSeqno>
       <srcLtime xsi:nil="true"/>
       <state>CA</state>
       <attrRecno>20</attrRecno>
      </item>
     </memAddr>
     <memXtsk xsi:nil="true"/>
     <entXtsk xsi:nil="true"/>
     <memPhone>
      <item>
       <caudRecno>102</caudRecno>
       <recStat>A</recStat>
       <phIcc></phIcc>
       <memIdnum>870504</memIdnum>
       <entRecno>1</entRecno>
       <asaIdxno>0</asaIdxno>
       <attrCode>HOMEPHON</attrCode>
       <maudRecno>102</maudRecno>
       <srcCode>RMC</srcCode>
       <attrName></attrName>
       <phCmnt></phCmnt>
       <recCtime xsi:nil="true"/>
       <rowInd>I</rowInd>
       <recMtime xsi:nil="true"/>
       <srcFtime xsi:nil="true"/>
       <phArea></phArea>
       <srcLtime xsi:nil="true"/>
       <memSeqno>43</memSeqno>
       <phNumber>925-686-9876</phNumber>
       <phExtn></phExtn>
       <attrRecno>21</attrRecno>
       <memRecno>1</memRecno>
      </item>
      <item>
       <caudRecno>102</caudRecno>
       <recStat>A</recStat>
       <phIcc></phIcc>
       <memIdnum>870504</memIdnum>
       <entRecno>1</entRecno>
       <asaIdxno>0</asaIdxno>
       <attrCode>PCPPHN</attrCode>
       <maudRecno>102</maudRecno>
       <srcCode>RMC</srcCode>
       <attrName></attrName>
       <phCmnt></phCmnt>
       <recCtime xsi:nil="true"/>
       <rowInd>I</rowInd>
       <recMtime xsi:nil="true"/>
       <srcFtime xsi:nil="true"/>
       <phArea></phArea>
       <srcLtime xsi:nil="true"/>
       <memSeqno>44</memSeqno>
       <phNumber>415-902-4598</phNumber>
       <phExtn></phExtn>
       <attrRecno>32</attrRecno>
       <memRecno>1</memRecno>
      </item>
     </memPhone>
     <memExtb xsi:nil="true"/>
     <memOque xsi:nil="true"/>
     <memText xsi:nil="true"/>
     <memAttr>
      <item>
       <caudRecno>101</caudRecno>
       <recStat>A</recStat>
       <memIdnum>870504</memIdnum>
       <entRecno>1</entRecno>
       <asaIdxno>0</asaIdxno>
       <attrCode>FACILITY</attrCode>
       <maudRecno>102</maudRecno>
       <srcCode>RMC</srcCode>
       <attrName></attrName>
       <recCtime xsi:nil="true"/>
       <rowInd>I</rowInd>
       <attrVal>RMC</attrVal>
       <recMtime xsi:nil="true"/>
       <srcFtime xsi:nil="true"/>
       <srcLtime xsi:nil="true"/>
       <memSeqno>3</memSeqno>
       <attrRecno>16</attrRecno>
       <memRecno>1</memRecno>
      </item>
      <item>
       <caudRecno>101</caudRecno>
       <recStat>A</recStat>
       <memIdnum>870504</memIdnum>
       <entRecno>1</entRecno>
       <asaIdxno>0</asaIdxno>
       <attrCode>GTEMPNM</attrCode>
       <maudRecno>102</maudRecno>
       <srcCode>RMC</srcCode>
       <attrName></attrName>
       <recCtime xsi:nil="true"/>
       <rowInd>I</rowInd>
       <attrVal>Bank of America</attrVal>
       <recMtime xsi:nil="true"/>
       <srcFtime xsi:nil="true"/>
       <srcLtime xsi:nil="true"/>
       <memSeqno>4</memSeqno>
       <attrRecno>57</attrRecno>
       <memRecno>1</memRecno>
      </item>
      <item>
       <caudRecno>101</caudRecno>
       <recStat>A</recStat>
       <memIdnum>870504</memIdnum>
       <entRecno>1</entRecno>
       <asaIdxno>0</asaIdxno>
       <attrCode>GTINSNM</attrCode>
       <maudRecno>102</maudRecno>
       <srcCode>RMC</srcCode>
       <attrName></attrName>
       <recCtime xsi:nil="true"/>
       <rowInd>I</rowInd>
       <attrVal>Prudential</attrVal>
       <recMtime xsi:nil="true"/>
       <srcFtime xsi:nil="true"/>
       <srcLtime xsi:nil="true"/>
       <memSeqno>6</memSeqno>
       <attrRecno>54</attrRecno>
       <memRecno>1</memRecno>
      </item>
      <item>
       <caudRecno>101</caudRecno>
       <recStat>A</recStat>
       <memIdnum>870504</memIdnum>
       <entRecno>1</entRecno>
       <asaIdxno>0</asaIdxno>
       <attrCode>GTINSPOL</attrCode>
       <maudRecno>102</maudRecno>
       <srcCode>RMC</srcCode>
       <attrName></attrName>
       <recCtime xsi:nil="true"/>
       <rowInd>I</rowInd>
       <attrVal>P1455555</attrVal>
       <recMtime xsi:nil="true"/>
       <srcFtime xsi:nil="true"/>
       <srcLtime xsi:nil="true"/>
       <memSeqno>7</memSeqno>
       <attrRecno>55</attrRecno>
       <memRecno>1</memRecno>
      </item>
      <item>
       <caudRecno>101</caudRecno>
       <recStat>A</recStat>
       <memIdnum>870504</memIdnum>
       <entRecno>1</entRecno>
       <asaIdxno>0</asaIdxno>
       <attrCode>GTOCC</attrCode>
       <maudRecno>102</maudRecno>
       <srcCode>RMC</srcCode>
       <attrName></attrName>
       <recCtime xsi:nil="true"/>
       <rowInd>I</rowInd>
       <attrVal>Loan Manager</attrVal>
       <recMtime xsi:nil="true"/>
       <srcFtime xsi:nil="true"/>
       <srcLtime xsi:nil="true"/>
       <memSeqno>8</memSeqno>
       <attrRecno>58</attrRecno>
       <memRecno>1</memRecno>
      </item>
      <item>
       <caudRecno>101</caudRecno>
       <recStat>A</recStat>
       <memIdnum>870504</memIdnum>
       <entRecno>1</entRecno>
       <asaIdxno>0</asaIdxno>
       <attrCode>LANGUAGE</attrCode>
       <maudRecno>102</maudRecno>
       <srcCode>RMC</srcCode>
       <attrName></attrName>
       <recCtime xsi:nil="true"/>
       <rowInd>I</rowInd>
       <attrVal>English</attrVal>
       <recMtime xsi:nil="true"/>
       <srcFtime xsi:nil="true"/>
       <srcLtime xsi:nil="true"/>
       <memSeqno>9</memSeqno>
       <attrRecno>15</attrRecno>
       <memRecno>1</memRecno>
      </item>
      <item>
       <caudRecno>101</caudRecno>
       <recStat>A</recStat>
       <memIdnum>870504</memIdnum>
       <entRecno>1</entRecno>
       <asaIdxno>0</asaIdxno>
       <attrCode>RACE</attrCode>
       <maudRecno>102</maudRecno>
       <srcCode>RMC</srcCode>
       <attrName></attrName>
       <recCtime xsi:nil="true"/>
       <rowInd>I</rowInd>
       <attrVal>Caucasian</attrVal>
       <recMtime xsi:nil="true"/>
       <srcFtime xsi:nil="true"/>
       <srcLtime xsi:nil="true"/>
       <memSeqno>15</memSeqno>
       <attrRecno>12</attrRecno>
       <memRecno>1</memRecno>
      </item>
      <item>
       <caudRecno>101</caudRecno>
       <recStat>A</recStat>
       <memIdnum>870504</memIdnum>
       <entRecno>1</entRecno>
       <asaIdxno>0</asaIdxno>
       <attrCode>RELIGION</attrCode>
       <maudRecno>102</maudRecno>
       <srcCode>RMC</srcCode>
       <attrName></attrName>
       <recCtime xsi:nil="true"/>
       <rowInd>I</rowInd>
       <attrVal>Christian</attrVal>
       <recMtime xsi:nil="true"/>
       <srcFtime xsi:nil="true"/>
       <srcLtime xsi:nil="true"/>
       <memSeqno>16</memSeqno>
       <attrRecno>14</attrRecno>
       <memRecno>1</memRecno>
      </item>
      <item>
       <caudRecno>101</caudRecno>
       <recStat>A</recStat>
       <memIdnum>870504</memIdnum>
       <entRecno>1</entRecno>
       <asaIdxno>0</asaIdxno>
       <attrCode>SEX</attrCode>
       <maudRecno>102</maudRecno>
       <srcCode>RMC</srcCode>
       <attrName></attrName>
       <recCtime xsi:nil="true"/>
       <rowInd>I</rowInd>
       <attrVal>F</attrVal>
       <recMtime xsi:nil="true"/>
       <srcFtime xsi:nil="true"/>
       <srcLtime xsi:nil="true"/>
       <memSeqno>17</memSeqno>
       <attrRecno>11</attrRecno>
       <memRecno>1</memRecno>
      </item>
      <item>
       <caudRecno>102</caudRecno>
       <recStat>A</recStat>
       <memIdnum>870504</memIdnum>
       <entRecno>1</entRecno>
       <asaIdxno>0</asaIdxno>
       <attrCode>GTINSCOV</attrCode>
       <maudRecno>102</maudRecno>
       <srcCode>RMC</srcCode>
       <attrName></attrName>
       <recCtime xsi:nil="true"/>
       <rowInd>I</rowInd>
       <attrVal>F25</attrVal>
       <recMtime xsi:nil="true"/>
       <srcFtime xsi:nil="true"/>
       <srcLtime xsi:nil="true"/>
       <memSeqno>32</memSeqno>
       <attrRecno>56</attrRecno>
       <memRecno>1</memRecno>
      </item>
      <item>
       <caudRecno>102</caudRecno>
       <recStat>A</recStat>
       <memIdnum>870504</memIdnum>
       <entRecno>1</entRecno>
       <asaIdxno>0</asaIdxno>
       <attrCode>OPERID</attrCode>
       <maudRecno>102</maudRecno>
       <srcCode>RMC</srcCode>
       <attrName></attrName>
       <recCtime xsi:nil="true"/>
       <rowInd>I</rowInd>
       <attrVal>EHJ</attrVal>
       <recMtime xsi:nil="true"/>
       <srcFtime xsi:nil="true"/>
       <srcLtime xsi:nil="true"/>
       <memSeqno>33</memSeqno>
       <attrRecno>17</attrRecno>
       <memRecno>1</memRecno>
      </item>
      <item>
       <caudRecno>102</caudRecno>
       <recStat>A</recStat>
       <memIdnum>870504</memIdnum>
       <entRecno>1</entRecno>
       <asaIdxno>0</asaIdxno>
       <attrCode>PCPDEAID</attrCode>
       <maudRecno>102</maudRecno>
       <srcCode>RMC</srcCode>
       <attrName></attrName>
       <recCtime xsi:nil="true"/>
       <rowInd>I</rowInd>
       <attrVal>AM9577098</attrVal>
       <recMtime xsi:nil="true"/>
       <srcFtime xsi:nil="true"/>
       <srcLtime xsi:nil="true"/>
       <memSeqno>34</memSeqno>
       <attrRecno>33</attrRecno>
       <memRecno>1</memRecno>
      </item>
      <item>
       <caudRecno>102</caudRecno>
       <recStat>A</recStat>
       <memIdnum>870504</memIdnum>
       <entRecno>1</entRecno>
       <asaIdxno>0</asaIdxno>
       <attrCode>PCPLICID</attrCode>
       <maudRecno>102</maudRecno>
       <srcCode>RMC</srcCode>
       <attrName></attrName>
       <recCtime xsi:nil="true"/>
       <rowInd>I</rowInd>
       <attrVal>153443436</attrVal>
       <recMtime xsi:nil="true"/>
       <srcFtime xsi:nil="true"/>
       <srcLtime xsi:nil="true"/>
       <memSeqno>35</memSeqno>
       <attrRecno>30</attrRecno>
       <memRecno>1</memRecno>
      </item>
      <item>
       <caudRecno>102</caudRecno>
       <recStat>A</recStat>
       <memIdnum>870504</memIdnum>
       <entRecno>1</entRecno>
       <asaIdxno>0</asaIdxno>
       <attrCode>PCPPRAC</attrCode>
       <maudRecno>102</maudRecno>
       <srcCode>RMC</srcCode>
       <attrName></attrName>
       <recCtime xsi:nil="true"/>
       <rowInd>I</rowInd>
       <attrVal>Flershem Diane M MD - Riverside Medical</attrVal>
       <recMtime xsi:nil="true"/>
       <srcFtime xsi:nil="true"/>
       <srcLtime xsi:nil="true"/>
       <memSeqno>36</memSeqno>
       <attrRecno>31</attrRecno>
       <memRecno>1</memRecno>
      </item>
      <item>
       <caudRecno>102</caudRecno>
       <recStat>A</recStat>
       <memIdnum>870504</memIdnum>
       <entRecno>1</entRecno>
       <asaIdxno>0</asaIdxno>
       <attrCode>PCPSPEC</attrCode>
       <maudRecno>102</maudRecno>
       <srcCode>RMC</srcCode>
       <attrName></attrName>
       <recCtime xsi:nil="true"/>
       <rowInd>I</rowInd>
       <attrVal>Psychiatry &amp; Psychology</attrVal>
       <recMtime xsi:nil="true"/>
       <srcFtime xsi:nil="true"/>
       <srcLtime xsi:nil="true"/>
       <memSeqno>37</memSeqno>
       <attrRecno>34</attrRecno>
       <memRecno>1</memRecno>
      </item>
     </memAttr>
     <memXeia xsi:nil="true"/>
     <memEnum xsi:nil="true"/>
     <memExta xsi:nil="true"/>
     <memHead>
      <caudRecno>101</caudRecno>
      <memIdnum>870504</memIdnum>
      <linkType>X</linkType>
      <entRecno>1</entRecno>
      <matchCode>Unknown</matchCode>
      <maudRecno>102</maudRecno>
      <srcCode>RMC</srcCode>
      <recCtime xsi:nil="true"/>
      <rowInd>I</rowInd>
      <recMtime xsi:nil="true"/>
      <srcFtime xsi:nil="true"/>
      <memVerno>0</memVerno>
      <srcRecno>211</srcRecno>
      <memSeqno>44</memSeqno>
      <srcLtime xsi:nil="true"/>
      <memStat>A</memStat>
      <memRecno>1</memRecno>
      <matchScore>0</matchScore>
     </memHead>
     <memDate>
      <item>
       <caudRecno>101</caudRecno>
       <recStat>A</recStat>
       <memIdnum>870504</memIdnum>
       <entRecno>1</entRecno>
       <asaIdxno>0</asaIdxno>
       <attrCode>BIRTHDT</attrCode>
       <maudRecno>102</maudRecno>
       <srcCode>RMC</srcCode>
       <attrName></attrName>
       <recCtime xsi:nil="true"/>
       <rowInd>I</rowInd>
       <recMtime xsi:nil="true"/>
       <srcFtime xsi:nil="true"/>
       <dateVal>1956-11-20</dateVal>
       <srcLtime xsi:nil="true"/>
       <memSeqno>18</memSeqno>
       <attrRecno>27</attrRecno>
       <memRecno>1</memRecno>
      </item>
      <item>
       <caudRecno>101</caudRecno>
       <recStat>A</recStat>
       <memIdnum>870504</memIdnum>
       <entRecno>1</entRecno>
       <asaIdxno>0</asaIdxno>
       <attrCode>GTDOB</attrCode>
       <maudRecno>102</maudRecno>
       <srcCode>RMC</srcCode>
       <attrName></attrName>
       <recCtime xsi:nil="true"/>
       <rowInd>I</rowInd>
       <recMtime xsi:nil="true"/>
       <srcFtime xsi:nil="true"/>
       <dateVal>1952-01-05</dateVal>
       <srcLtime xsi:nil="true"/>
       <memSeqno>19</memSeqno>
       <attrRecno>52</attrRecno>
       <memRecno>1</memRecno>
      </item>
     </memDate>
     <memExtd xsi:nil="true"/>
     <entRule xsi:nil="true"/>
     <memExte xsi:nil="true"/>
     <memLink xsi:nil="true"/>
     <memName>
      <item>
       <caudRecno>102</caudRecno>
       <recStat>A</recStat>
       <memIdnum>870504</memIdnum>
       <asaIdxno>0</asaIdxno>
       <attrCode>GTNAME</attrCode>
       <srcCode>RMC</srcCode>
       <recCtime xsi:nil="true"/>
       <recMtime xsi:nil="true"/>
       <srcFtime xsi:nil="true"/>
       <memRecno>1</memRecno>
       <onmLast>Contryman</onmLast>
       <entRecno>1</entRecno>
       <maudRecno>102</maudRecno>
       <onmTitle></onmTitle>
       <attrName></attrName>
       <rowInd>I</rowInd>
       <onmFirst>Lewis</onmFirst>
       <onmDegree></onmDegree>
       <onmSuffix></onmSuffix>
       <srcLtime xsi:nil="true"/>
       <memSeqno>40</memSeqno>
       <onmMiddle></onmMiddle>
       <attrRecno>51</attrRecno>
       <onmPrefix></onmPrefix>
      </item>
      <item>
       <caudRecno>102</caudRecno>
       <recStat>A</recStat>
       <memIdnum>870504</memIdnum>
       <asaIdxno>0</asaIdxno>
       <attrCode>LGLNAME</attrCode>
       <srcCode>RMC</srcCode>
       <recCtime xsi:nil="true"/>
       <recMtime xsi:nil="true"/>
       <srcFtime xsi:nil="true"/>
       <memRecno>1</memRecno>
       <onmLast>Contryman</onmLast>
       <entRecno>1</entRecno>
       <maudRecno>102</maudRecno>
       <onmTitle></onmTitle>
       <attrName></attrName>
       <rowInd>I</rowInd>
       <onmFirst>Patty</onmFirst>
       <onmDegree></onmDegree>
       <onmSuffix></onmSuffix>
       <srcLtime xsi:nil="true"/>
       <memSeqno>41</memSeqno>
       <onmMiddle></onmMiddle>
       <attrRecno>19</attrRecno>
       <onmPrefix></onmPrefix>
      </item>
      <item>
       <caudRecno>102</caudRecno>
       <recStat>A</recStat>
       <memIdnum>870504</memIdnum>
       <asaIdxno>0</asaIdxno>
       <attrCode>PCPNAME</attrCode>
       <srcCode>RMC</srcCode>
       <recCtime xsi:nil="true"/>
       <recMtime xsi:nil="true"/>
       <srcFtime xsi:nil="true"/>
       <memRecno>1</memRecno>
       <onmLast>Johnson</onmLast>
       <entRecno>1</entRecno>
       <maudRecno>102</maudRecno>
       <onmTitle></onmTitle>
       <attrName></attrName>
       <rowInd>I</rowInd>
       <onmFirst>Rose</onmFirst>
       <onmDegree></onmDegree>
       <onmSuffix></onmSuffix>
       <srcLtime xsi:nil="true"/>
       <memSeqno>42</memSeqno>
       <onmMiddle></onmMiddle>
       <attrRecno>29</attrRecno>
       <onmPrefix></onmPrefix>
      </item>
     </memName>
     <memNote xsi:nil="true"/>
     <memCont xsi:nil="true"/>
     <compareInfo></compareInfo>
     <entNote xsi:nil="true"/>
     <entOque xsi:nil="true"/>
     <entXeia xsi:nil="true"/>
     <memQryd xsi:nil="true"/>
     <memElig xsi:nil="true"/>
     <memOref xsi:nil="true"/>
     <memBktd xsi:nil="true"/>
     <memIque xsi:nil="true"/>
     <memIdent>
      <item>
       <idExpDate xsi:nil="true"/>
       <idIssuer>SSA</idIssuer>
       <caudRecno>101</caudRecno>
       <recStat>A</recStat>
       <idSrcRecno>3</idSrcRecno>
       <memIdnum>870504</memIdnum>
       <entRecno>1</entRecno>
       <asaIdxno>0</asaIdxno>
       <attrCode>GTSSN</attrCode>
       <idNumber>273760762</idNumber>
       <maudRecno>102</maudRecno>
       <srcCode>RMC</srcCode>
       <attrName></attrName>
       <recCtime xsi:nil="true"/>
       <rowInd>I</rowInd>
       <recMtime xsi:nil="true"/>
       <srcFtime xsi:nil="true"/>
       <srcLtime xsi:nil="true"/>
       <memSeqno>21</memSeqno>
       <attrRecno>59</attrRecno>
       <memRecno>1</memRecno>
      </item>
      <item>
       <idExpDate xsi:nil="true"/>
       <idIssuer>RMC</idIssuer>
       <caudRecno>101</caudRecno>
       <recStat>A</recStat>
       <idSrcRecno>211</idSrcRecno>
       <memIdnum>870504</memIdnum>
       <entRecno>1</entRecno>
       <asaIdxno>0</asaIdxno>
       <attrCode>PTCHRTID</attrCode>
       <idNumber>870504</idNumber>
       <maudRecno>102</maudRecno>
       <srcCode>RMC</srcCode>
       <attrName></attrName>
       <recCtime xsi:nil="true"/>
       <rowInd>I</rowInd>
       <recMtime xsi:nil="true"/>
       <srcFtime xsi:nil="true"/>
       <srcLtime xsi:nil="true"/>
       <memSeqno>22</memSeqno>
       <attrRecno>25</attrRecno>
       <memRecno>1</memRecno>
      </item>
      <item>
       <idExpDate xsi:nil="true"/>
       <idIssuer>RMC</idIssuer>
       <caudRecno>101</caudRecno>
       <recStat>A</recStat>
       <idSrcRecno>211</idSrcRecno>
       <memIdnum>870504</memIdnum>
       <entRecno>1</entRecno>
       <asaIdxno>0</asaIdxno>
       <attrCode>PTENTRID</attrCode>
       <idNumber>E500001</idNumber>
       <maudRecno>102</maudRecno>
       <srcCode>RMC</srcCode>
       <attrName></attrName>
       <recCtime xsi:nil="true"/>
       <rowInd>I</rowInd>
       <recMtime xsi:nil="true"/>
       <srcFtime xsi:nil="true"/>
       <srcLtime xsi:nil="true"/>
       <memSeqno>23</memSeqno>
       <attrRecno>24</attrRecno>
       <memRecno>1</memRecno>
      </item>
      <item>
       <idExpDate xsi:nil="true"/>
       <idIssuer>SSA</idIssuer>
       <caudRecno>102</caudRecno>
       <recStat>A</recStat>
       <idSrcRecno>3</idSrcRecno>
       <memIdnum>870504</memIdnum>
       <entRecno>1</entRecno>
       <asaIdxno>0</asaIdxno>
       <attrCode>SSN</attrCode>
       <idNumber>263199065</idNumber>
       <maudRecno>102</maudRecno>
       <srcCode>RMC</srcCode>
       <attrName></attrName>
       <recCtime xsi:nil="true"/>
       <rowInd>I</rowInd>
       <recMtime xsi:nil="true"/>
       <srcFtime xsi:nil="true"/>
       <srcLtime xsi:nil="true"/>
       <memSeqno>39</memSeqno>
       <attrRecno>23</attrRecno>
       <memRecno>1</memRecno>
      </item>
     </memIdent>
    </item>
   </getMemberReturn>
  </getMemberResponse>
 </soapenv:Body>
</soapenv:Envelope>
