<?xml version="1.0" encoding="UTF-8"?>
   <soapenv:Envelope xmlns:soapenv="http://schemas.xmlsoap.org/soap/envelope/" xmlns:xsd="http://www.w3.org/2001/XMLSchema" xmlns:xsi="http://www.w3.org/2001/XMLSchema-instance">
      <soapenv:Body>
         <searchMember xmlns="urn:bean.initiate.com">
            <memSrchReq xmlns="">
               <userPassword>yourPassword</userPassword>
               <userName>yourUserName</userName>
               <audMode xsi:nil="true"/>
               <cvwName>EMCA</cvwName>
               <recStatFilter xsi:nil="true"/>
               <maxRows>10</maxRows>
               <segCodeFilter>MEMHEAD,MEMATTRALL</segCodeFilter>
               <getType>ASENTITY</getType>
               <memType>PERSON</memType>
               <segAttrFilter xsi:nil="true"/>
               <member>
                  <memDrug xsi:nil="true"/>
                  <entLink xsi:nil="true"/>
                  <memIds xsi:nil="true"/>
                  <entIque xsi:nil="true"/>
                  <memAppt xsi:nil="true"/>
                  <memRule xsi:nil="true"/>
                  <memExtc xsi:nil="true"/>
                  <memCmpd xsi:nil="true"/>
                  <memAddr xsi:nil="true"/>
                  <memXtsk xsi:nil="true"/>
                  <entXtsk xsi:nil="true"/>
                  <memPhone xsi:nil="true"/>
                  <memExtb xsi:nil="true"/>
                  <memOque xsi:nil="true"/>
                  <memText xsi:nil="true"/>
                  <memAttr xsi:nil="true"/>
                  <memXeia xsi:nil="true"/>
                  <memEnum xsi:nil="true"/>
                  <memExta xsi:nil="true"/>
                  <memHead>
                     <rowInd xsi:nil="true"/>
                     <memRecno>0</memRecno>
                     <memIdnum xsi:nil="true"/>
                     <entRecno>0</entRecno>
                     <srcCode xsi:nil="true"/>
                     <caudRecno>0</caudRecno>
                     <linkType xsi:nil="true"/>
                     <matchCode xsi:nil="true"/>
                     <maudRecno>0</maudRecno>
                     <recCtime xsi:nil="true"/>
                     <recMtime xsi:nil="true"/>
                     <srcFtime xsi:nil="true"/>
                     <memVerno>0</memVerno>
                     <srcRecno>0</srcRecno>
                     <memSeqno>0</memSeqno>
                     <srcLtime xsi:nil="true"/>
                     <memStat xsi:nil="true"/>
                     <matchScore>0</matchScore>
                  </memHead>
                  <memDate>
                     <item>
                        <rowInd xsi:nil="true"/>
                        <memRecno>0</memRecno>
                        <memIdnum xsi:nil="true"/>
                        <entRecno>0</entRecno>
                        <srcCode xsi:nil="true"/>
                        <recStat xsi:nil="true"/>
                        <caudRecno>0</caudRecno>
                        <asaIdxno>0</asaIdxno>
                        <attrCode>BIRTHDT</attrCode>
                        <maudRecno>0</maudRecno>
                        <attrName xsi:nil="true"/>
                        <recCtime xsi:nil="true"/>
                        <recMtime xsi:nil="true"/>
                        <srcFtime xsi:nil="true"/>
                        <srcLtime xsi:nil="true"/>
                        <memSeqno>0</memSeqno>
                        <attrRecno>0</attrRecno>
                        <dateVal>2001-06-20</dateVal>
                     </item>
                  </memDate>
                  <memExtd xsi:nil="true"/>
                  <entRule xsi:nil="true"/>
                  <memExte xsi:nil="true"/>
                  <memLink xsi:nil="true"/>
                  <memName>
                     <item>
                        <rowInd xsi:nil="true"/>
                        <memRecno>0</memRecno>
                        <memIdnum xsi:nil="true"/>
                        <entRecno>0</entRecno>
                        <srcCode xsi:nil="true"/>
                        <recStat xsi:nil="true"/>
                        <caudRecno>0</caudRecno>
                        <asaIdxno>0</asaIdxno>
                        <attrCode>LGLNAME</attrCode>
                        <maudRecno>0</maudRecno>
                        <attrName xsi:nil="true"/>
                        <recCtime xsi:nil="true"/>
                        <recMtime xsi:nil="true"/>
                        <srcFtime xsi:nil="true"/>
                        <srcLtime xsi:nil="true"/>
                        <memSeqno>0</memSeqno>
                        <attrRecno>0</attrRecno>
                        <onmLast>Detest</onmLast>
                        <onmTitle xsi:nil="true"/>
                        <onmFirst>Mike</onmFirst>
                        <onmDegree xsi:nil="true"/>
                        <onmSuffix xsi:nil="true"/>
                        <onmMiddle xsi:nil="true"/>
                        <onmPrefix xsi:nil="true"/>
                     </item>
                  </memName>
                  <memNote xsi:nil="true"/>
                  <memCont xsi:nil="true"/>
                  <compareInfo xsi:nil="true"/>
                  <entNote xsi:nil="true"/>
                  <entOque xsi:nil="true"/>
                  <entXeia xsi:nil="true"/>
                  <memQryd xsi:nil="true"/>
                  <memElig xsi:nil="true"/>
                  <memOref xsi:nil="true"/>
                  <memBktd xsi:nil="true"/>
                  <memIque xsi:nil="true"/>
                  <memIdent>
                     <item>
                        <rowInd xsi:nil="true"/>
                        <memRecno>0</memRecno>
                        <memIdnum xsi:nil="true"/>
                        <entRecno>0</entRecno>
                        <srcCode xsi:nil="true"/>
                        <recStat xsi:nil="true"/>
                        <caudRecno>0</caudRecno>
                        <asaIdxno>0</asaIdxno>
                        <attrCode>SSN</attrCode>
                        <maudRecno>0</maudRecno>
                        <attrName xsi:nil="true"/>
                        <recCtime xsi:nil="true"/>
                        <recMtime xsi:nil="true"/>
                        <srcFtime xsi:nil="true"/>
                        <srcLtime xsi:nil="true"/>
                        <memSeqno>0</memSeqno>
                        <attrRecno>0</attrRecno>
                        <idExpDate xsi:nil="true"/>
                        <idIssuer>SSA</idIssuer>
                        <idSrcRecno>0</idSrcRecno>
                        <idNumber>999999999</idNumber>
                     </item>
                  </memIdent>
               </member>
               <srcCodeFilter xsi:nil="true"/>
               <memStatFilter xsi:nil="true"/>
               <minScore>0</minScore>
               <maxCand xsi:nil="true"/>
               <keySortOrder>-getMatchScore,-getEntRecno</keySortOrder>
               <entType>id</entType>
            </memSrchReq>
         </searchMember>
      </soapenv:Body>
   </soapenv:Envelope>
