<?xml version="1.0" encoding="utf-8"?>
   <soapenv:Envelope xmlns:soapenv="http://schemas.xmlsoap.org/soap/envelope/" xmlns:xsd="http://www.w3.org/2001/XMLSchema" xmlns:xsi="http://www.w3.org/2001/XMLSchema-instance">
      <soapenv:Body>
         <searchMemberResponse xmlns="urn:bean.initiate.com">
            <searchMemberReturn xmlns="">
               <item xsi:type="ns1:Member" xmlns:ns1="urn:bean.initiate.com">
                  <memDrug xsi:nil="true"/>
                  <entLink xsi:nil="true"/>
                  <memIds xsi:nil="true"/>
                  <entIque xsi:nil="true"/>
                  <memAppt xsi:nil="true"/>
                  <memRule xsi:nil="true"/>
                  <memExtc xsi:nil="true"/>
                  <memCmpd xsi:nil="true"/>
                  <memAddr>
                     <item>
                        <caudRecno>166</caudRecno>
                        <recStat>A</recStat>
                        <memIdnum>255986</memIdnum>
                        <stLine4></stLine4>
                        <asaIdxno>0</asaIdxno>
                        <stLine1>3000 Guerrero Street</stLine1>
                        <attrCode>GTHADDR</attrCode>
                        <srcCode>RMC</srcCode>
                        <recCtime>2006-02-07 10:36:59 AM</recCtime>
                        <geoCode2></geoCode2>
                        <recMtime>2006-02-07 10:36:59 AM</recMtime>
                        <srcFtime>2006-02-07 10:36:59 AM</srcFtime>
                        <geoText1></geoText1>
                        <stLine2></stLine2>
                        <geoCode1></geoCode1>
                        <memRecno>47</memRecno>
                        <city>San Francisco</city>
                        <stLine3></stLine3>
                        <entRecno>47</entRecno>
                        <maudRecno>166</maudRecno>
                        <attrName></attrName>
                        <rowInd>I</rowInd>
                        <country></country>
                        <zipCode>94588</zipCode>
                        <memSeqno>1</memSeqno>
                        <srcLtime>2006-02-07 10:36:59 AM</srcLtime>
                        <state>CA</state>
                        <attrRecno>53</attrRecno>
                     </item>
                     <item>
                        <caudRecno>1450</caudRecno>
                        <recStat>A</recStat>
                        <memIdnum>255986</memIdnum>
                        <stLine4></stLine4>
                        <asaIdxno>0</asaIdxno>
                        <stLine1>6401 W. Parkly</stLine1>
                        <attrCode>HOMEADDR</attrCode>
                        <srcCode>RMC</srcCode>
                        <recCtime>2006-02-24 10:26:55 AM</recCtime>
                        <geoCode2></geoCode2>
                        <recMtime>2006-02-24 04:07:14 PM</recMtime>
                        <srcFtime>2006-02-24 10:26:55 AM</srcFtime>
                        <geoText1></geoText1>
                        <stLine2></stLine2>
                        <geoCode1></geoCode1>
                        <memRecno>47</memRecno>
                        <city>Los Angeles</city>
                        <stLine3></stLine3>
                        <entRecno>47</entRecno>
                        <maudRecno>1486</maudRecno>
                        <attrName></attrName>
                        <rowInd>I</rowInd>
                        <country></country>
                        <zipCode>95000</zipCode>
                        <memSeqno>30</memSeqno>
                        <srcLtime>2006-02-24 04:07:14 PM</srcLtime>
                        <state>California</state>
                        <attrRecno>20</attrRecno>
                     </item>
                  </memAddr>
                  <memXtsk xsi:nil="true"/>
                  <entXtsk xsi:nil="true"/>
                  <memPhone>
                     <item>
                        <caudRecno>166</caudRecno>
                        <recStat>A</recStat>
                        <phIcc></phIcc>
                        <memIdnum>255986</memIdnum>
                        <entRecno>47</entRecno>
                        <asaIdxno>0</asaIdxno>
                        <attrCode>PCPPHN</attrCode>
                        <maudRecno>166</maudRecno>
                        <srcCode>RMC</srcCode>
                        <attrName></attrName>
                        <phCmnt></phCmnt>
                        <recCtime>2006-02-07 10:36:59 AM</recCtime>
                        <rowInd>I</rowInd>
                        <recMtime>2006-02-07 10:36:59 AM</recMtime>
                        <srcFtime>2006-02-07 10:36:59 AM</srcFtime>
                        <phArea></phArea>
                        <srcLtime>2006-02-07 10:36:59 AM</srcLtime>
                        <memSeqno>25</memSeqno>
                        <phNumber>925-686-9876</phNumber>
                        <phExtn></phExtn>
                        <attrRecno>32</attrRecno>
                        <memRecno>47</memRecno>
                     </item>
                     <item>
                        <caudRecno>1450</caudRecno>
                        <recStat>A</recStat>
                        <phIcc></phIcc>
                        <memIdnum>255986</memIdnum>
                        <entRecno>47</entRecno>
                        <asaIdxno>0</asaIdxno>
                        <attrCode>HOMEPHON</attrCode>
                        <maudRecno>1486</maudRecno>
                        <srcCode>RMC</srcCode>
                        <attrName></attrName>
                        <phCmnt></phCmnt>
                        <recCtime>2006-02-24 10:26:55 AM</recCtime>
                        <rowInd>I</rowInd>
                        <recMtime>2006-02-24 04:07:14 PM</recMtime>
                        <srcFtime>2006-02-24 10:26:55 AM</srcFtime>
                        <phArea>500</phArea>
                        <srcLtime>2006-02-24 04:07:14 PM</srcLtime>
                        <memSeqno>36</memSeqno>
                        <phNumber>222-2344</phNumber>
                        <phExtn>x123</phExtn>
                        <attrRecno>21</attrRecno>
                        <memRecno>47</memRecno>
                     </item>
                  </memPhone>
                  <memExtb xsi:nil="true"/>
                  <memOque xsi:nil="true"/>
                  <memText xsi:nil="true"/>
                  <memAttr>
                     <item>
                        <caudRecno>166</caudRecno>
                        <recStat>A</recStat>
                        <memIdnum>255986</memIdnum>
                        <entRecno>47</entRecno>
                        <asaIdxno>0</asaIdxno>
                        <attrCode>FACILITY</attrCode>
                        <maudRecno>1486</maudRecno>
                        <srcCode>RMC</srcCode>
                        <attrName></attrName>
                        <recCtime>2006-02-07 10:36:59 AM</recCtime>
                        <rowInd>I</rowInd>
                        <attrVal>RMC</attrVal>
                        <recMtime>2006-02-24 04:07:14 PM</recMtime>
                        <srcFtime>2006-02-07 10:36:59 AM</srcFtime>
                        <srcLtime>2006-02-24 04:07:14 PM</srcLtime>
                        <memSeqno>3</memSeqno>
                        <attrRecno>16</attrRecno>
                        <memRecno>47</memRecno>
                     </item>
                     <item>
                        <caudRecno>166</caudRecno>
                        <recStat>A</recStat>
                        <memIdnum>255986</memIdnum>
                        <entRecno>47</entRecno>
                        <asaIdxno>0</asaIdxno>
                        <attrCode>GTEMPNM</attrCode>
                        <maudRecno>166</maudRecno>
                        <srcCode>RMC</srcCode>
                        <attrName></attrName>
                        <recCtime>2006-02-07 10:36:59 AM</recCtime>
                        <rowInd>I</rowInd>
                        <attrVal>Lucas Film</attrVal>
                        <recMtime>2006-02-07 10:36:59 AM</recMtime>
                        <srcFtime>2006-02-07 10:36:59 AM</srcFtime>
                        <srcLtime>2006-02-07 10:36:59 AM</srcLtime>
                        <memSeqno>4</memSeqno>
                        <attrRecno>57</attrRecno>
                        <memRecno>47</memRecno>
                     </item>
                     <item>
                        <caudRecno>166</caudRecno>
                        <recStat>A</recStat>
                        <memIdnum>255986</memIdnum>
                        <entRecno>47</entRecno>
                        <asaIdxno>0</asaIdxno>
                        <attrCode>GTOCC</attrCode>
                        <maudRecno>166</maudRecno>
                        <srcCode>RMC</srcCode>
                        <attrName></attrName>
                        <recCtime>2006-02-07 10:36:59 AM</recCtime>
                        <rowInd>I</rowInd>
                        <attrVal>Editor</attrVal>
                        <recMtime>2006-02-07 10:36:59 AM</recMtime>
                        <srcFtime>2006-02-07 10:36:59 AM</srcFtime>
                        <srcLtime>2006-02-07 10:36:59 AM</srcLtime>
                        <memSeqno>5</memSeqno>
                        <attrRecno>58</attrRecno>
                        <memRecno>47</memRecno>
                     </item>
                     <item>
                        <caudRecno>166</caudRecno>
                        <recStat>A</recStat>
                        <memIdnum>255986</memIdnum>
                        <entRecno>47</entRecno>
                        <asaIdxno>0</asaIdxno>
                        <attrCode>LANGUAGE</attrCode>
                        <maudRecno>166</maudRecno>
                        <srcCode>RMC</srcCode>
                        <attrName></attrName>
                        <recCtime>2006-02-07 10:36:59 AM</recCtime>
                        <rowInd>I</rowInd>
                        <attrVal>Spanish</attrVal>
                        <recMtime>2006-02-07 10:36:59 AM</recMtime>
                        <srcFtime>2006-02-07 10:36:59 AM</srcFtime>
                        <srcLtime>2006-02-07 10:36:59 AM</srcLtime>
                        <memSeqno>6</memSeqno>
                        <attrRecno>15</attrRecno>
                        <memRecno>47</memRecno>
                     </item>
                     <item>
                        <caudRecno>166</caudRecno>
                        <recStat>A</recStat>
                        <memIdnum>255986</memIdnum>
                        <entRecno>47</entRecno>
                        <asaIdxno>0</asaIdxno>
                        <attrCode>OPERID</attrCode>
                        <maudRecno>166</maudRecno>
                        <srcCode>RMC</srcCode>
                        <attrName></attrName>
                        <recCtime>2006-02-07 10:36:59 AM</recCtime>
                        <rowInd>I</rowInd>
                        <attrVal>SPM</attrVal>
                        <recMtime>2006-02-07 10:36:59 AM</recMtime>
                        <srcFtime>2006-02-07 10:36:59 AM</srcFtime>
                        <srcLtime>2006-02-07 10:36:59 AM</srcLtime>
                        <memSeqno>7</memSeqno>
                        <attrRecno>17</attrRecno>
                        <memRecno>47</memRecno>
                     </item>
                     <item>
                        <caudRecno>166</caudRecno>
                        <recStat>A</recStat>
                        <memIdnum>255986</memIdnum>
                        <entRecno>47</entRecno>
                        <asaIdxno>0</asaIdxno>
                        <attrCode>PCPDEAID</attrCode>
                        <maudRecno>166</maudRecno>
                        <srcCode>RMC</srcCode>
                        <attrName></attrName>
                        <recCtime>2006-02-07 10:36:59 AM</recCtime>
                        <rowInd>I</rowInd>
                        <attrVal>BS6020375</attrVal>
                        <recMtime>2006-02-07 10:36:59 AM</recMtime>
                        <srcFtime>2006-02-07 10:36:59 AM</srcFtime>
                        <srcLtime>2006-02-07 10:36:59 AM</srcLtime>
                        <memSeqno>8</memSeqno>
                        <attrRecno>33</attrRecno>
                        <memRecno>47</memRecno>
                     </item>
                     <item>
                        <caudRecno>166</caudRecno>
                        <recStat>A</recStat>
                        <memIdnum>255986</memIdnum>
                        <entRecno>47</entRecno>
                        <asaIdxno>0</asaIdxno>
                        <attrCode>PCPLICID</attrCode>
                        <maudRecno>166</maudRecno>
                        <srcCode>RMC</srcCode>
                        <attrName></attrName>
                        <recCtime>2006-02-07 10:36:59 AM</recCtime>
                        <rowInd>I</rowInd>
                        <attrVal>153443646</attrVal>
                        <recMtime>2006-02-07 10:36:59 AM</recMtime>
                        <srcFtime>2006-02-07 10:36:59 AM</srcFtime>
                        <srcLtime>2006-02-07 10:36:59 AM</srcLtime>
                        <memSeqno>9</memSeqno>
                        <attrRecno>30</attrRecno>
                        <memRecno>47</memRecno>
                     </item>
                     <item>
                        <caudRecno>166</caudRecno>
                        <recStat>A</recStat>
                        <memIdnum>255986</memIdnum>
                        <entRecno>47</entRecno>
                        <asaIdxno>0</asaIdxno>
                        <attrCode>PCPPRAC</attrCode>
                        <maudRecno>166</maudRecno>
                        <srcCode>RMC</srcCode>
                        <attrName></attrName>
                        <recCtime>2006-02-07 10:36:59 AM</recCtime>
                        <rowInd>I</rowInd>
                        <attrVal>Bacon Marion - Arlington Ent-Head &amp; Neck</attrVal>
                        <recMtime>2006-02-07 10:36:59 AM</recMtime>
                        <srcFtime>2006-02-07 10:36:59 AM</srcFtime>
                        <srcLtime>2006-02-07 10:36:59 AM</srcLtime>
                        <memSeqno>10</memSeqno>
                        <attrRecno>31</attrRecno>
                        <memRecno>47</memRecno>
                     </item>
                     <item>
                        <caudRecno>166</caudRecno>
                        <recStat>A</recStat>
                        <memIdnum>255986</memIdnum>
                        <entRecno>47</entRecno>
                        <asaIdxno>0</asaIdxno>
                        <attrCode>PCPSPEC</attrCode>
                        <maudRecno>166</maudRecno>
                        <srcCode>RMC</srcCode>
                        <attrName></attrName>
                        <recCtime>2006-02-07 10:36:59 AM</recCtime>
                        <rowInd>I</rowInd>
                        <attrVal>Hematology</attrVal>
                        <recMtime>2006-02-07 10:36:59 AM</recMtime>
                        <srcFtime>2006-02-07 10:36:59 AM</srcFtime>
                        <srcLtime>2006-02-07 10:36:59 AM</srcLtime>
                        <memSeqno>11</memSeqno>
                        <attrRecno>34</attrRecno>
                        <memRecno>47</memRecno>
                     </item>
                     <item>
                        <caudRecno>166</caudRecno>
                        <recStat>A</recStat>
                        <memIdnum>255986</memIdnum>
                        <entRecno>47</entRecno>
                        <asaIdxno>0</asaIdxno>
                        <attrCode>RELIGION</attrCode>
                        <maudRecno>166</maudRecno>
                        <srcCode>RMC</srcCode>
                        <attrName></attrName>
                        <recCtime>2006-02-07 10:36:59 AM</recCtime>
                        <rowInd>I</rowInd>
                        <attrVal>Chrisitan</attrVal>
                        <recMtime>2006-02-07 10:36:59 AM</recMtime>
                        <srcFtime>2006-02-07 10:36:59 AM</srcFtime>
                        <srcLtime>2006-02-07 10:36:59 AM</srcLtime>
                        <memSeqno>13</memSeqno>
                        <attrRecno>14</attrRecno>
                        <memRecno>47</memRecno>
                     </item>
                     <item>
                        <caudRecno>1084</caudRecno>
                        <recStat>A</recStat>
                        <memIdnum>255986</memIdnum>
                        <entRecno>47</entRecno>
                        <asaIdxno>0</asaIdxno>
                        <attrCode>SEX</attrCode>
                        <maudRecno>1486</maudRecno>
                        <srcCode>RMC</srcCode>
                        <attrName></attrName>
                        <recCtime>2006-02-07 10:50:56 AM</recCtime>
                        <rowInd>I</rowInd>
                        <attrVal>M</attrVal>
                        <recMtime>2006-02-24 04:07:14 PM</recMtime>
                        <srcFtime>2006-02-07 10:50:56 AM</srcFtime>
                        <srcLtime>2006-02-24 04:07:14 PM</srcLtime>
                        <memSeqno>26</memSeqno>
                        <attrRecno>11</attrRecno>
                        <memRecno>47</memRecno>
                     </item>
                     <item>
                        <caudRecno>1084</caudRecno>
                        <recStat>A</recStat>
                        <memIdnum>255986</memIdnum>
                        <entRecno>47</entRecno>
                        <asaIdxno>0</asaIdxno>
                        <attrCode>RACE</attrCode>
                        <maudRecno>1084</maudRecno>
                        <srcCode>RMC</srcCode>
                        <attrName></attrName>
                        <recCtime>2006-02-07 10:50:56 AM</recCtime>
                        <rowInd>I</rowInd>
                        <attrVal>01</attrVal>
                        <recMtime>2006-02-07 10:50:56 AM</recMtime>
                        <srcFtime>2006-02-07 10:50:56 AM</srcFtime>
                        <srcLtime>2006-02-07 10:50:56 AM</srcLtime>
                        <memSeqno>27</memSeqno>
                        <attrRecno>12</attrRecno>
                        <memRecno>47</memRecno>
                     </item>
                  </memAttr>
                  <memXeia xsi:nil="true"/>
                  <memEnum xsi:nil="true"/>
                  <memExta xsi:nil="true"/>
                  <memHead>
                     <caudRecno>166</caudRecno>
                     <memIdnum>255986</memIdnum>
                     <linkType>X</linkType>
                     <entRecno>47</entRecno>
                     <matchCode>DoNothing</matchCode>
                     <maudRecno>1486</maudRecno>
                     <srcCode>RMC</srcCode>
                     <recCtime>2006-02-07 10:36:59 AM</recCtime>
                     <rowInd>I</rowInd>
                     <recMtime>2006-02-24 04:07:14 PM</recMtime>
                     <srcFtime>2006-02-07 10:36:59 AM</srcFtime>
                     <memVerno>0</memVerno>
                     <srcRecno>211</srcRecno>
                     <memSeqno>36</memSeqno>
                     <srcLtime>2006-02-24 04:07:14 PM</srcLtime>
                     <memStat>A</memStat>
                     <memRecno>47</memRecno>
                     <matchScore>171</matchScore>
                  </memHead>
                  <memDate>
                     <item>
                        <caudRecno>166</caudRecno>
                        <recStat>A</recStat>
                        <memIdnum>255986</memIdnum>
                        <entRecno>47</entRecno>
                        <asaIdxno>0</asaIdxno>
                        <attrCode>GTDOB</attrCode>
                        <maudRecno>166</maudRecno>
                        <srcCode>RMC</srcCode>
                        <attrName></attrName>
                        <recCtime>2006-02-07 10:36:59 AM</recCtime>
                        <rowInd>I</rowInd>
                        <recMtime>2006-02-07 10:36:59 AM</recMtime>
                        <srcFtime>2006-02-07 10:36:59 AM</srcFtime>
                        <dateVal>1908-06-27</dateVal>
                        <srcLtime>2006-02-07 10:36:59 AM</srcLtime>
                        <memSeqno>16</memSeqno>
                        <attrRecno>52</attrRecno>
                        <memRecno>47</memRecno>
                     </item>
                     <item>
                        <caudRecno>1450</caudRecno>
                        <recStat>A</recStat>
                        <memIdnum>255986</memIdnum>
                        <entRecno>47</entRecno>
                        <asaIdxno>0</asaIdxno>
                        <attrCode>BIRTHDT</attrCode>
                        <maudRecno>1486</maudRecno>
                        <srcCode>RMC</srcCode>
                        <attrName></attrName>
                        <recCtime>2006-02-24 10:26:55 AM</recCtime>
                        <rowInd>I</rowInd>
                        <recMtime>2006-02-24 04:07:14 PM</recMtime>
                        <srcFtime>2006-02-24 10:26:55 AM</srcFtime>
                        <dateVal>2001-06-20</dateVal>
                        <srcLtime>2006-02-24 04:07:14 PM</srcLtime>
                        <memSeqno>31</memSeqno>
                        <attrRecno>27</attrRecno>
                        <memRecno>47</memRecno>
                     </item>
                  </memDate>
                  <memExtd xsi:nil="true"/>
                  <entRule xsi:nil="true"/>
                  <memExte xsi:nil="true"/>
                  <memLink xsi:nil="true"/>
                  <memName>
                     <item>
                        <caudRecno>166</caudRecno>
                        <recStat>A</recStat>
                        <memIdnum>255986</memIdnum>
                        <asaIdxno>0</asaIdxno>
                        <attrCode>GTNAME</attrCode>
                        <srcCode>RMC</srcCode>
                        <recCtime>2006-02-07 10:36:59 AM</recCtime>
                        <recMtime>2006-02-07 10:36:59 AM</recMtime>
                        <srcFtime>2006-02-07 10:36:59 AM</srcFtime>
                        <memRecno>47</memRecno>
                        <onmLast>Garcia</onmLast>
                        <entRecno>47</entRecno>
                        <maudRecno>166</maudRecno>
                        <onmTitle></onmTitle>
                        <attrName></attrName>
                        <rowInd>I</rowInd>
                        <onmFirst> Hope</onmFirst>
                        <onmDegree></onmDegree>
                        <onmSuffix></onmSuffix>
                        <srcLtime>2006-02-07 10:36:59 AM</srcLtime>
                        <memSeqno>22</memSeqno>
                        <onmMiddle></onmMiddle>
                        <attrRecno>51</attrRecno>
                        <onmPrefix></onmPrefix>
                     </item>
                     <item>
                        <caudRecno>166</caudRecno>
                        <recStat>A</recStat>
                        <memIdnum>255986</memIdnum>
                        <asaIdxno>0</asaIdxno>
                        <attrCode>PCPNAME</attrCode>
                        <srcCode>RMC</srcCode>
                        <recCtime>2006-02-07 10:36:59 AM</recCtime>
                        <recMtime>2006-02-07 10:36:59 AM</recMtime>
                        <srcFtime>2006-02-07 10:36:59 AM</srcFtime>
                        <memRecno>47</memRecno>
                        <onmLast>Johnson</onmLast>
                        <entRecno>47</entRecno>
                        <maudRecno>166</maudRecno>
                        <onmTitle></onmTitle>
                        <attrName></attrName>
                        <rowInd>I</rowInd>
                        <onmFirst>Robert</onmFirst>
                        <onmDegree></onmDegree>
                        <onmSuffix></onmSuffix>
                        <srcLtime>2006-02-07 10:36:59 AM</srcLtime>
                        <memSeqno>24</memSeqno>
                        <onmMiddle></onmMiddle>
                        <attrRecno>29</attrRecno>
                        <onmPrefix></onmPrefix>
                     </item>
                     <item>
                        <caudRecno>1450</caudRecno>
                        <recStat>A</recStat>
                        <memIdnum>255986</memIdnum>
                        <asaIdxno>0</asaIdxno>
                        <attrCode>LGLNAME</attrCode>
                        <srcCode>RMC</srcCode>
                        <recCtime>2006-02-24 10:26:55 AM</recCtime>
                        <recMtime>2006-02-24 04:07:14 PM</recMtime>
                        <srcFtime>2006-02-24 10:26:55 AM</srcFtime>
                        <memRecno>47</memRecno>
                        <onmLast>da Testa2</onmLast>
                        <entRecno>47</entRecno>
                        <maudRecno>1486</maudRecno>
                        <onmTitle></onmTitle>
                        <attrName></attrName>
                        <rowInd>I</rowInd>
                        <onmFirst>Rick2</onmFirst>
                        <onmDegree></onmDegree>
                        <onmSuffix></onmSuffix>
                        <srcLtime>2006-02-24 04:07:14 PM</srcLtime>
                        <memSeqno>35</memSeqno>
                        <onmMiddle></onmMiddle>
                        <attrRecno>19</attrRecno>
                        <onmPrefix></onmPrefix>
                     </item>
                  </memName>
                  <memNote xsi:nil="true"/>
                  <memCont xsi:nil="true"/>
                  <compareInfo></compareInfo>
                  <entNote xsi:nil="true"/>
                  <entOque xsi:nil="true"/>
                  <entXeia xsi:nil="true"/>
                  <memQryd xsi:nil="true"/>
                  <memElig xsi:nil="true"/>
                  <memOref xsi:nil="true"/>
                  <memBktd xsi:nil="true"/>
                  <memIque xsi:nil="true"/>
                  <memIdent>
                     <item>
                        <idExpDate xsi:nil="true"/>
                        <idIssuer>SSA</idIssuer>
                        <caudRecno>166</caudRecno>
                        <recStat>A</recStat>
                        <idSrcRecno>3</idSrcRecno>
                        <memIdnum>255986</memIdnum>
                        <entRecno>47</entRecno>
                        <asaIdxno>0</asaIdxno>
                        <attrCode>GTSSN</attrCode>
                        <idNumber>552899</idNumber>
                        <maudRecno>166</maudRecno>
                        <srcCode>RMC</srcCode>
                        <attrName></attrName>
                        <recCtime>2006-02-07 10:36:59 AM</recCtime>
                        <rowInd>I</rowInd>
                        <recMtime>2006-02-07 10:36:59 AM</recMtime>
                        <srcFtime>2006-02-07 10:36:59 AM</srcFtime>
                        <srcLtime>2006-02-07 10:36:59 AM</srcLtime>
                        <memSeqno>18</memSeqno>
                        <attrRecno>59</attrRecno>
                        <memRecno>47</memRecno>
                     </item>
                     <item>
                        <idExpDate xsi:nil="true"/>
                        <idIssuer>RMC</idIssuer>
                        <caudRecno>166</caudRecno>
                        <recStat>A</recStat>
                        <idSrcRecno>211</idSrcRecno>
                        <memIdnum>255986</memIdnum>
                        <entRecno>47</entRecno>
                        <asaIdxno>0</asaIdxno>
                        <attrCode>PTCHRTID</attrCode>
                        <idNumber>255986</idNumber>
                        <maudRecno>166</maudRecno>
                        <srcCode>RMC</srcCode>
                        <attrName></attrName>
                        <recCtime>2006-02-07 10:36:59 AM</recCtime>
                        <rowInd>I</rowInd>
                        <recMtime>2006-02-07 10:36:59 AM</recMtime>
                        <srcFtime>2006-02-07 10:36:59 AM</srcFtime>
                        <srcLtime>2006-02-07 10:36:59 AM</srcLtime>
                        <memSeqno>19</memSeqno>
                        <attrRecno>25</attrRecno>
                        <memRecno>47</memRecno>
                     </item>
                     <item>
                        <idExpDate xsi:nil="true"/>
                        <idIssuer>RMC</idIssuer>
                        <caudRecno>166</caudRecno>
                        <recStat>A</recStat>
                        <idSrcRecno>211</idSrcRecno>
                        <memIdnum>255986</memIdnum>
                        <entRecno>47</entRecno>
                        <asaIdxno>0</asaIdxno>
                        <attrCode>PTENTRID</attrCode>
                        <idNumber>E500024</idNumber>
                        <maudRecno>166</maudRecno>
                        <srcCode>RMC</srcCode>
                        <attrName></attrName>
                        <recCtime>2006-02-07 10:36:59 AM</recCtime>
                        <rowInd>I</rowInd>
                        <recMtime>2006-02-07 10:36:59 AM</recMtime>
                        <srcFtime>2006-02-07 10:36:59 AM</srcFtime>
                        <srcLtime>2006-02-07 10:36:59 AM</srcLtime>
                        <memSeqno>20</memSeqno>
                        <attrRecno>24</attrRecno>
                        <memRecno>47</memRecno>
                     </item>
                     <item>
                        <idExpDate xsi:nil="true"/>
                        <idIssuer>SSA</idIssuer>
                        <caudRecno>1450</caudRecno>
                        <recStat>A</recStat>
                        <idSrcRecno>3</idSrcRecno>
                        <memIdnum>255986</memIdnum>
                        <entRecno>47</entRecno>
                        <asaIdxno>0</asaIdxno>
                        <attrCode>SSN</attrCode>
                        <idNumber>501052342</idNumber>
                        <maudRecno>1486</maudRecno>
                        <srcCode>RMC</srcCode>
                        <attrName></attrName>
                        <recCtime>2006-02-24 10:26:55 AM</recCtime>
                        <rowInd>I</rowInd>
                        <recMtime>2006-02-24 04:07:14 PM</recMtime>
                        <srcFtime>2006-02-24 10:26:55 AM</srcFtime>
                        <srcLtime>2006-02-24 04:07:14 PM</srcLtime>
                        <memSeqno>34</memSeqno>
                        <attrRecno>23</attrRecno>
                        <memRecno>47</memRecno>
                     </item>
                  </memIdent>
               </item>
               <item xsi:type="ns2:Member" xmlns:ns2="urn:bean.initiate.com">
                  <memDrug xsi:nil="true"/>
                  <entLink xsi:nil="true"/>
                  <memIds xsi:nil="true"/>
                  <entIque xsi:nil="true"/>
                  <memAppt xsi:nil="true"/>
                  <memRule xsi:nil="true"/>
                  <memExtc xsi:nil="true"/>
                  <memCmpd xsi:nil="true"/>
                  <memAddr>
                     <item>
                        <caudRecno>1433</caudRecno>
                        <recStat>A</recStat>
                        <memIdnum>6315</memIdnum>
                        <stLine4></stLine4>
                        <asaIdxno>0</asaIdxno>
                        <stLine1>6401 W. Parkly</stLine1>
                        <attrCode>HOMEADDR</attrCode>
                        <srcCode>RMC</srcCode>
                        <recCtime>2006-02-23 11:29:26 PM</recCtime>
                        <geoCode2></geoCode2>
                        <recMtime>2006-02-26 04:54:32 PM</recMtime>
                        <srcFtime>2006-02-23 11:29:26 PM</srcFtime>
                        <geoText1></geoText1>
                        <stLine2></stLine2>
                        <geoCode1></geoCode1>
                        <memRecno>282</memRecno>
                        <city>Glendale</city>
                        <stLine3></stLine3>
                        <entRecno>282</entRecno>
                        <maudRecno>1616</maudRecno>
                        <attrName></attrName>
                        <rowInd>I</rowInd>
                        <country></country>
                        <zipCode>85027</zipCode>
                        <memSeqno>13</memSeqno>
                        <srcLtime>2006-02-26 04:54:32 PM</srcLtime>
                        <state>AZ</state>
                        <attrRecno>20</attrRecno>
                     </item>
                  </memAddr>
                  <memXtsk xsi:nil="true"/>
                  <entXtsk xsi:nil="true"/>
                  <memPhone>
                     <item>
                        <caudRecno>1433</caudRecno>
                        <recStat>A</recStat>
                        <phIcc></phIcc>
                        <memIdnum>6315</memIdnum>
                        <entRecno>282</entRecno>
                        <asaIdxno>0</asaIdxno>
                        <attrCode>HOMEPHON</attrCode>
                        <maudRecno>1616</maudRecno>
                        <srcCode>RMC</srcCode>
                        <attrName></attrName>
                        <phCmnt></phCmnt>
                        <recCtime>2006-02-23 11:29:26 PM</recCtime>
                        <rowInd>I</rowInd>
                        <recMtime>2006-02-26 04:54:32 PM</recMtime>
                        <srcFtime>2006-02-23 11:29:26 PM</srcFtime>
                        <phArea>300</phArea>
                        <srcLtime>2006-02-26 04:54:32 PM</srcLtime>
                        <memSeqno>17</memSeqno>
                        <phNumber>322-3222</phNumber>
                        <phExtn>x222</phExtn>
                        <attrRecno>21</attrRecno>
                        <memRecno>282</memRecno>
                     </item>
                  </memPhone>
                  <memExtb xsi:nil="true"/>
                  <memOque xsi:nil="true"/>
                  <memText xsi:nil="true"/>
                  <memAttr>
                     <item>
                        <caudRecno>1329</caudRecno>
                        <recStat>A</recStat>
                        <memIdnum>6315</memIdnum>
                        <entRecno>282</entRecno>
                        <asaIdxno>0</asaIdxno>
                        <attrCode>SEX</attrCode>
                        <maudRecno>1616</maudRecno>
                        <srcCode>RMC</srcCode>
                        <attrName></attrName>
                        <recCtime>2006-02-21 07:14:00 PM</recCtime>
                        <rowInd>I</rowInd>
                        <attrVal>M</attrVal>
                        <recMtime>2006-02-26 04:54:32 PM</recMtime>
                        <srcFtime>2006-02-21 07:14:00 PM</srcFtime>
                        <srcLtime>2006-02-26 04:54:32 PM</srcLtime>
                        <memSeqno>2</memSeqno>
                        <attrRecno>11</attrRecno>
                        <memRecno>282</memRecno>
                     </item>
                  </memAttr>
                  <memXeia xsi:nil="true"/>
                  <memEnum xsi:nil="true"/>
                  <memExta xsi:nil="true"/>
                  <memHead>
                     <caudRecno>1329</caudRecno>
                     <memIdnum>6315</memIdnum>
                     <linkType>X</linkType>
                     <entRecno>282</entRecno>
                     <matchCode>DoNothing</matchCode>
                     <maudRecno>1616</maudRecno>
                     <srcCode>RMC</srcCode>
                     <recCtime>2006-02-21 07:14:00 PM</recCtime>
                     <rowInd>I</rowInd>
                     <recMtime>2006-02-26 04:54:32 PM</recMtime>
                     <srcFtime>2006-02-21 07:14:00 PM</srcFtime>
                     <memVerno>0</memVerno>
                     <srcRecno>211</srcRecno>
                     <memSeqno>17</memSeqno>
                     <srcLtime>2006-02-26 04:54:32 PM</srcLtime>
                     <memStat>A</memStat>
                     <memRecno>282</memRecno>
                     <matchScore>212</matchScore>
                  </memHead>
                  <memDate>
                     <item>
                        <caudRecno>1433</caudRecno>
                        <recStat>A</recStat>
                        <memIdnum>6315</memIdnum>
                        <entRecno>282</entRecno>
                        <asaIdxno>0</asaIdxno>
                        <attrCode>BIRTHDT</attrCode>
                        <maudRecno>1616</maudRecno>
                        <srcCode>RMC</srcCode>
                        <attrName></attrName>
                        <recCtime>2006-02-23 11:29:26 PM</recCtime>
                        <rowInd>I</rowInd>
                        <recMtime>2006-02-26 04:54:32 PM</recMtime>
                        <srcFtime>2006-02-23 11:29:26 PM</srcFtime>
                        <dateVal>2001-06-20</dateVal>
                        <srcLtime>2006-02-26 04:54:32 PM</srcLtime>
                        <memSeqno>14</memSeqno>
                        <attrRecno>27</attrRecno>
                        <memRecno>282</memRecno>
                     </item>
                  </memDate>
                  <memExtd xsi:nil="true"/>
                  <entRule xsi:nil="true"/>
                  <memExte xsi:nil="true"/>
                  <memLink xsi:nil="true"/>
                  <memName>
                     <item>
                        <caudRecno>1433</caudRecno>
                        <recStat>A</recStat>
                        <memIdnum>6315</memIdnum>
                        <asaIdxno>0</asaIdxno>
                        <attrCode>LGLNAME</attrCode>
                        <srcCode>RMC</srcCode>
                        <recCtime>2006-02-23 11:29:26 PM</recCtime>
                        <recMtime>2006-02-26 04:54:32 PM</recMtime>
                        <srcFtime>2006-02-23 11:29:26 PM</srcFtime>
                        <memRecno>282</memRecno>
                        <onmLast>deTest</onmLast>
                        <entRecno>282</entRecno>
                        <maudRecno>1616</maudRecno>
                        <onmTitle></onmTitle>
                        <attrName></attrName>
                        <rowInd>I</rowInd>
                        <onmFirst>Michael</onmFirst>
                        <onmDegree></onmDegree>
                        <onmSuffix></onmSuffix>
                        <srcLtime>2006-02-26 04:54:32 PM</srcLtime>
                        <memSeqno>16</memSeqno>
                        <onmMiddle></onmMiddle>
                        <attrRecno>19</attrRecno>
                        <onmPrefix></onmPrefix>
                     </item>
                  </memName>
                  <memNote xsi:nil="true"/>
                  <memCont xsi:nil="true"/>
                  <compareInfo></compareInfo>
                  <entNote xsi:nil="true"/>
                  <entOque xsi:nil="true"/>
                  <entXeia xsi:nil="true"/>
                  <memQryd xsi:nil="true"/>
                  <memElig xsi:nil="true"/>
                  <memOref xsi:nil="true"/>
                  <memBktd xsi:nil="true"/>
                  <memIque xsi:nil="true"/>
                  <memIdent>
                     <item>
                        <idExpDate xsi:nil="true"/>
                        <idIssuer>SSA</idIssuer>
                        <caudRecno>1329</caudRecno>
                        <recStat>A</recStat>
                        <idSrcRecno>3</idSrcRecno>
                        <memIdnum>6315</memIdnum>
                        <entRecno>282</entRecno>
                        <asaIdxno>0</asaIdxno>
                        <attrCode>SSN</attrCode>
                        <idNumber>500052342</idNumber>
                        <maudRecno>1616</maudRecno>
                        <srcCode>RMC</srcCode>
                        <attrName></attrName>
                        <recCtime>2006-02-21 07:14:00 PM</recCtime>
                        <rowInd>I</rowInd>
                        <recMtime>2006-02-26 04:54:32 PM</recMtime>
                        <srcFtime>2006-02-21 07:14:00 PM</srcFtime>a
                        <srcLtime>2006-02-26 04:54:32 PM</srcLtime>
                        <memSeqno>10</memSeqno>
                        <attrRecno>23</attrRecno>
                        <memRecno>282</memRecno>
                     </item>
                  </memIdent>
               </item>
            </searchMemberReturn>
         </searchMemberResponse>
      </soapenv:Body>
   </soapenv:Envelope>
