<?xml version="1.0" encoding="UTF-8"?>
   <soapenv:Envelope xmlns:soapenv="http://schemas.xmlsoap.org/soap/envelope/" xmlns:xsd="http://www.w3.org/2001/XMLSchema" xmlns:xsi="http://www.w3.org/2001/XMLSchema-instance">
      <soapenv:Body>
         <getMember xmlns="urn:bean.initiate.com">
            <memGetReq xmlns="">
               <userPassword>yourPassword</userPassword>
               <userName>yourUserName</userName>
               <audMode xsi:nil="true"/>
               <cvwName>EMCA</cvwName>
               <recStatFilter xsi:nil="true"/>
               <memIdnum>999999999</memIdnum>
               <entRecno xsi:nil="true"/>
               <segCodeFilter>MEMHEAD,MEMATTRALL</segCodeFilter>
               <memType>PERSON</memType>
               <getType>ASENTITY</getType>
               <segAttrFilter xsi:nil="true"/>
               <srcCodeFilter xsi:nil="true"/>
               <memStatFilter xsi:nil="true"/>
               <srcCode>MEDIPAC</srcCode>
               <keySortOrder>-getMatchScore,-getEntRecno</keySortOrder>
               <entType>id</entType>
               <memRecno xsi:nil="true"/>
            </memGetReq>
         </getMember>
      </soapenv:Body>
   </soapenv:Envelope>
